noun_kana	noun	verb_kana	verb	pos	count	per_million	share_n	share_v	log_dice	noun_total	verb_total	particles
キ	気	スル	為る	動詞	3835	1209.72	0.2518	0.0128	8.64	15230	299560	に:2931 が:839 も:29 は:28
キ	気	ツケル	付ける	動詞	3245	1023.61	0.2131	0.4112	12.17	15230	7892	を:3242 が:3
テ	手	イレル	入れる	動詞	2538	800.59	0.2507	0.4123	12.32	10122	6156	に:2508 を:29 も:1
キ	気	ハイル	入る	動詞	2128	671.26	0.1397	0.2435	11.51	15230	8741	に:2125 ∅:3
キ	気	ナル	成る	動詞	1121	353.61	0.0736	0.0396	9.72	15230	28283	に:1120 ∅:1
キ	気	ナイ	無い	形容詞	958	302.19	0.0629	0.0166	8.75	15230	57619	は:743 が:106 も:50 ADJ:38
イノチ	命	スクウ	救う	動詞	795	250.78	0.2978	0.3007	12.26	2670	2644	を:755 が:17 は:10 も:10
テ	手	ダス	出す	動詞	593	187.06	0.0586	0.1233	10.35	10122	4808	を:506 が:34 は:32 ∅:16
テ	手	カス	貸す	動詞	588	185.48	0.0581	0.3944	10.70	10122	1491	を:573 は:9 ∅:6
メ	目	ミル	見る	動詞	579	182.64	0.0945	0.0322	9.62	6129	17999	を:282 で:280 ∅:11 は:2
カオ	顔	ミル	見る	動詞	561	176.96	0.1868	0.0312	9.77	3003	17999	を:408 ∅:56 が:38 は:31
テ	手	ハイル	入る	動詞	537	169.39	0.0531	0.0614	9.87	10122	8741	に:534 が:3
メ	目	サマス	覚ます	動詞	515	162.45	0.0840	0.9717	11.31	6129	530	を:510 ∅:3 が:2
テ	手	アゲル	上げる	動詞	489	154.25	0.0483	0.1879	10.30	10122	2603	を:481 は:6 ∅:1 も:1
キ	気	ツク	付く	動詞	476	150.15	0.0313	0.1235	9.67	15230	3853	が:475 に:1
カオ	顔	スル	為る	動詞	435	137.22	0.1449	0.0015	5.56	3003	299560	∅:293 を:119 は:14 に:7
テ	手	スル	為る	動詞	399	125.86	0.0394	0.0013	5.40	10122	299560	に:347 と:21 は:17 ∅:6
コエ	声	キク	聞く	動詞	379	119.55	0.2289	0.0367	10.02	1656	10329	を:287 が:61 は:12 も:10
メ	目	トジル	閉じる	動詞	353	111.35	0.0576	0.4380	10.70	6129	806	を:336 は:7 ∅:7 が:3
メ	目	アウ	会う	動詞	338	106.62	0.0551	0.0595	9.87	6129	5678	に:335 も:2 は:1
メ	目	サメル	覚める	動詞	317	100.00	0.0517	0.8614	10.64	6129	368	が:294 は:20 ∅:2 を:1
イキ	息	スル	為る	動詞	310	97.79	0.3097	0.0010	5.08	1001	299560	を:252 ∅:38 は:12 も:6
ハラ	腹	ヘル	減る	動詞	303	95.58	0.3722	0.5382	12.82	814	563	が:140 ∅:129 は:28 も:5
アタマ	頭	ヨイ	良い	形容詞	294	92.74	0.0915	0.0085	7.99	3214	34642	が:207 ∅:48 も:16 は:15
メ	目	ハナス	離す	動詞	284	89.59	0.0463	0.3807	10.40	6129	746	を:258 が:23 は:2 ∅:1
テ	手	ハナス	離す	動詞	283	89.27	0.0280	0.3794	9.74	10122	746	を:226 が:55 から:2
キ	気	カワル	変わる	動詞	282	88.95	0.0185	0.1154	9.03	15230	2443	が:270 は:10 も:1 ∅:1
キ	気	カケル	掛ける	動詞	276	87.06	0.0181	0.0604	8.84	15230	4568	に:276
クビ	首	スル	為る	動詞	262	82.65	0.1679	0.0009	4.83	1560	299560	に:256 ∅:2 は:2 を:1
キ	気	クルウ	狂う	動詞	257	81.07	0.0169	0.4673	9.06	15230	550	が:255 も:1 を:1
ヒ	火	ツケル	付ける	動詞	256	80.75	0.2583	0.0324	9.88	991	7892	を:250 は:3 ∅:2 が:1
ノド	喉	カワク	乾く	動詞	243	76.65	0.3839	0.7594	13.03	633	320	が:182 ∅:34 を:12 は:8
コエ	声	キコエル	聞こえる	動詞	242	76.34	0.1461	0.1990	11.43	1656	1216	が:212 は:13 ∅:7 も:5
キ	気	アル	有る	動詞	239	75.39	0.0157	0.0039	6.67	15230	61681	が:154 は:66 ∅:14 も:5
アタマ	頭	ウツ	打つ	動詞	231	72.87	0.0719	0.0774	10.25	3214	2986	を:213 ∅:9 に:3 は:3
メ	目	スル	為る	動詞	225	70.97	0.0367	0.0008	4.59	6129	299560	に:108 を:95 ∅:9 が:7
アタマ	頭	オカシイ	可笑しい	形容詞	217	68.45	0.0675	0.3122	10.83	3214	695	が:137 ∅:77 は:2 を:1
イノチ	命	カケル	掛ける	動詞	215	67.82	0.0805	0.0471	9.93	2670	4568	を:186 に:15 ∅:9 が:3
ミ	身	ツケル	付ける	動詞	210	66.24	0.1667	0.0266	9.55	1260	7892	に:210
クビ	首	ナル	成る	動詞	210	66.24	0.1346	0.0074	7.85	1560	28283	に:210
テ	手	オウ	負う	動詞	209	65.93	0.0206	0.3366	9.32	10122	621	に:209
ミ	身	マモル	守る	動詞	204	64.35	0.1619	0.0539	10.37	1260	3782	を:188 は:9 も:7
メ	目	ミエル	見える	動詞	202	63.72	0.0330	0.0735	9.54	6129	2748	に:108 が:78 は:6 も:4
クチ	口	スル	為る	動詞	196	61.83	0.0995	0.0007	4.41	1970	299560	に:185 を:6 ∅:2 で:2
ミミ	耳	カタムケル	傾ける	動詞	195	61.51	0.1886	0.8667	12.31	1034	225	を:193 ∅:1 に:1
キ	気	ツカウ	使う	動詞	192	60.56	0.0126	0.0306	8.19	15230	6269	を:143 ∅:46 は:2 が:1
メ	目	ヒドイ	酷い	形容詞	188	59.30	0.0307	0.0597	9.38	6129	3148	ADJ:186 は:2
チ	血	ナガス	流す	動詞	183	57.73	0.1166	0.2773	11.39	1570	660	を:163 が:13 は:5 も:1
メ	目	トオス	通す	動詞	179	56.46	0.0292	0.2640	9.75	6129	678	を:177 も:1 は:1
セ	背	タカイ	高い	形容詞	176	55.52	0.4151	0.0953	11.31	424	1846	が:159 は:6 も:5 を:3
クチ	口	ダス	出す	動詞	175	55.20	0.0888	0.0364	9.72	1970	4808	に:84 を:75 ∅:9 から:5
イノチ	命	ウバウ	奪う	動詞	173	54.57	0.0648	0.1156	10.41	2670	1496	を:145 が:16 は:5 まで:4
テ	手	アル	有る	動詞	165	52.05	0.0163	0.0027	6.23	10122	61681	が:57 に:54 は:37 も:17
メ	目	アル	有る	動詞	163	51.42	0.0266	0.0026	6.30	6129	61681	に:99 が:55 は:5 も:4
テ	手	ヒク	引く	動詞	162	51.10	0.0160	0.1138	8.84	10122	1423	を:159 で:2 は:1
ミチ	道	マヨウ	迷う	動詞	156	49.21	0.0640	0.6190	10.89	2438	252	に:151 を:3 が:1 ∅:1
ミチ	道	アル	有る	動詞	154	48.58	0.0632	0.0025	6.30	2438	61681	が:77 は:50 も:20 ∅:6
テ	手	ウツ	打つ	動詞	152	47.95	0.0150	0.0509	8.57	10122	2986	を:136 は:16
クチ	口	トジル	閉じる	動詞	151	47.63	0.0766	0.1873	10.80	1970	806	を:145 は:6
ココロ	心	ヨム	読む	動詞	149	47.00	0.0629	0.0756	10.14	2369	1972	を:109 が:28 は:9 も:3
コエ	声	ダス	出す	動詞	148	46.69	0.0894	0.0308	9.55	1656	4808	を:77 に:38 ∅:23 は:5
イキ	息	デキル	出来る	動詞	148	46.69	0.1479	0.0046	7.19	1001	32192	が:117 ∅:15 も:12 は:3
セ	背	ムケル	向ける	動詞	147	46.37	0.3467	0.1479	11.73	424	994	を:146 は:1
キ	気	ウシナウ	失う	動詞	145	45.74	0.0095	0.0487	8.03	15230	2976	を:143 ∅:2
メ	目	アケル	開ける	動詞	145	45.74	0.0237	0.0506	9.04	6129	2867	を:141 ∅:2 は:2
クチ	口	キク	聞く	動詞	141	44.48	0.0716	0.0137	8.55	1970	10329	を:64 から:31 が:16 ∅:14
アタマ	頭	サゲル	下げる	動詞	141	44.48	0.0439	0.2994	10.29	3214	471	を:124 ∅:17
テ	手	ノバス	伸ばす	動詞	139	43.85	0.0137	0.4385	8.77	10122	317	を:136 ∅:2 は:1
ミチ	道	アケル	開ける	動詞	137	43.22	0.0562	0.0478	9.72	2438	2867	を:110 が:12 は:8 も:5
ミズ	水	ノム	飲む	動詞	137	43.22	0.0938	0.0545	10.14	1461	2516	を:101 ∅:15 が:12 は:6
ミチ	道	ナイ	無い	形容詞	136	42.90	0.0558	0.0024	6.21	2438	57619	は:85 が:36 ADJ:11 も:3
テ	手	ニギル	握る	動詞	136	42.90	0.0134	0.3155	8.72	10122	431	を:125 に:4 ∅:3 も:2
ハラ	腹	タテル	立てる	動詞	133	41.95	0.1634	0.1079	11.06	814	1233	を:128 は:2 も:2 ∅:1
テ	手	ナイ	無い	形容詞	132	41.64	0.0130	0.0023	6.00	10122	57619	は:71 が:45 に:8 ADJ:6
ミミ	耳	スル	為る	動詞	131	41.32	0.1267	0.0004	3.84	1034	299560	に:121 を:3 ∅:3 も:1
テ	手	トル	取る	動詞	129	40.69	0.0127	0.0155	7.84	10122	8305	を:80 に:43 も:3 は:2
テ	手	クム	組む	動詞	128	40.38	0.0126	0.2678	8.63	10122	478	を:127 は:1
ミ	身	カクス	隠す	動詞	128	40.38	0.1016	0.0728	10.44	1260	1758	を:128
キ	気	スム	済む	動詞	127	40.06	0.0083	0.1010	7.98	15230	1257	が:108 に:9 は:9 も:1
クチ	口	アケル	開ける	動詞	124	39.11	0.0629	0.0433	9.71	1970	2867	を:114 が:6 ∅:4
チ	血	デル	出る	動詞	118	37.22	0.0752	0.0130	8.50	1570	9088	が:103 は:10 ∅:3 も:2
コエ	声	カケル	掛ける	動詞	118	37.22	0.0713	0.0258	9.28	1656	4568	を:91 ∅:24 も:2 が:1
メ	目	イタイ	痛い	形容詞	116	36.59	0.0189	0.1895	9.14	6129	612	ADJ:110 が:5 は:1
ハラ	腹	タツ	立つ	動詞	113	35.64	0.1388	0.0462	10.15	814	2444	が:109 も:3 は:1
キ	気	タシカ	確か	形状詞	112	35.33	0.0074	0.2902	7.88	15230	386	は:97 を:15
カオ	顔	ミセル	見せる	動詞	112	35.33	0.0373	0.0403	9.31	3003	2778	を:106 も:4 は:1 ∅:1
クビ	首	シメル	締める	動詞	111	35.01	0.0712	0.1333	10.57	1560	833	を:94 ∅:14 は:1 まで:1
ココロ	心	ヒラク	開く	動詞	111	35.01	0.0469	0.0643	9.79	2369	1726	を:105 ∅/サ変:4 に:1 は:1
キ	気	ワルイ	悪い	形容詞	111	35.01	0.0073	0.0157	7.35	15230	7066	を:93 ADJ:18
テ	手	ハナス	放す	動詞	110	34.70	0.0109	0.3642	8.43	10122	302	を:101 が:7 ∅:2
ウマ	馬	ノル	乗る	動詞	107	33.75	0.1592	0.0345	9.86	672	3097	に:107
ミミ	耳	カス	貸す	動詞	105	33.12	0.1015	0.0704	10.41	1034	1491	を:100 も:3 は:2
テ	手	ツケル	付ける	動詞	104	32.81	0.0103	0.0132	7.56	10122	7892	を:82 が:14 に:5 ∅:1
アタマ	頭	ハナレル	離れる	動詞	102	32.18	0.0317	0.0555	9.37	3214	1837	から:90 を:11 が:1
アタマ	頭	スル	為る	動詞	100	31.54	0.0311	0.0003	3.44	3214	299560	が:40 を:32 に:10 は:8
クビ	首	キル	切る	動詞	99	31.23	0.0635	0.0525	9.88	1560	1884	を:92 ∅:4 が:2 は:1
ヒザ	膝	ツケル	付ける	動詞	97	30.60	0.3050	0.0123	8.60	318	7892	を:97
テ	手	ツカウ	使う	動詞	96	30.28	0.0095	0.0153	7.58	10122	6269	を:86 は:7 も:2 ∅:1
キ	気	ススム	進む	動詞	96	30.28	0.0063	0.0946	7.60	15230	1015	が:80 は:16
テ	手	フル	振る	動詞	96	30.28	0.0095	0.2667	8.23	10122	360	を:86 ∅:6 で:2 も:1
メ	目	アオイ	青い	形容詞	95	29.97	0.0155	0.2074	8.88	6129	458	ADJ:86 が:7 は:1 ∅:1
テ	手	ツナグ	繋ぐ	動詞	93	29.34	0.0092	0.1768	8.16	10122	526	を:63 ∅:21 は:5 も:4
メ	目	アワセル	合わせる	動詞	93	29.34	0.0152	0.1286	8.80	6129	723	に:64 を:26 が:2 ∅:1
クチ	口	ワル	割る	動詞	93	29.34	0.0472	0.3705	10.42	1970	251	を:89 は:3 ∅:1
ミチ	道	イク	行く	動詞	92	29.02	0.0377	0.0057	7.34	2438	16107	を:75 ∅:9 に:4 へ:3
イノチ	命	カカル	掛かる	動詞	92	29.02	0.0345	0.0298	9.03	2670	3090	が:91 も:1
メ	目	ツブル	瞑る	動詞	92	29.02	0.0150	0.9684	8.92	6129	95	を:86 ∅:4 は:2
ウデ	腕	ヨイ	良い	形容詞	91	28.71	0.0989	0.0026	6.39	920	34642	ADJ:58 が:18 は:14 ∅:1
キ	気	ヒク	引く	動詞	90	28.39	0.0059	0.0632	7.47	15230	1423	を:71 が:19
アタマ	頭	クル	来る	動詞	90	28.39	0.0280	0.0068	7.49	3214	13209	に:83 ∅:5 と:1 は:1
メ	目	ナイ	無い	形容詞	89	28.07	0.0145	0.0015	5.52	6129	57619	が:70 ADJ:9 は:4 ∅:2
アタマ	頭	ツカウ	使う	動詞	88	27.76	0.0274	0.0140	8.25	3214	6269	を:74 ∅:12 は:1 も:1
イノチ	命	オトス	落とす	動詞	88	27.76	0.0330	0.0876	9.62	2670	1004	を:86 は:1 も:1
テ	手	ツクス	尽くす	動詞	88	27.76	0.0087	0.1173	8.05	10122	750	を:52 は:36
ココロ	心	アル	有る	動詞	85	26.81	0.0359	0.0014	5.44	2369	61681	が:53 に:22 は:5 ∅/サ変:3
ミチ	道	アケル	空ける	動詞	84	26.50	0.0345	0.3515	10.01	2438	239	を:83 は:1
イノチ	命	ササゲル	捧げる	動詞	84	26.50	0.0315	0.1576	9.75	2670	533	を:81 も:3
イノチ	命	タスケル	助ける	動詞	82	25.87	0.0307	0.0482	9.26	2670	1701	を:75 は:4 が:1 も:1
メ	目	ソラス	逸らす	動詞	82	25.87	0.0134	0.3475	8.72	6129	236	を:80 ∅:1 も:1
ミチ	道	エラブ	選ぶ	動詞	82	25.87	0.0336	0.0494	9.36	2438	1659	を:77 は:4 ∅:1
チ	血	ナガレル	流れる	動詞	82	25.87	0.0522	0.2310	10.45	1570	355	が:70 は:5 に:5 も:2
メ	目	ムケル	向ける	動詞	82	25.87	0.0134	0.0825	8.56	6129	994	を:79 ∅:1 が:1 も:1
メ	目	ツケル	付ける	動詞	82	25.87	0.0134	0.0104	7.58	6129	7892	を:78 ∅:3 に:1
キ	気	チル	散る	動詞	81	25.55	0.0053	0.7642	7.44	15230	106	が:78 を:2 は:1
キ	気	クウ	食う	動詞	81	25.55	0.0053	0.0833	7.36	15230	972	に:81
カオ	顔	ダス	出す	動詞	80	25.24	0.0266	0.0166	8.39	3003	4808	を:65 ∅:11 も:2 は:1
ミズ	水	アル	有る	動詞	80	25.24	0.0548	0.0013	5.38	1461	61681	が:52 は:20 も:4 ∅:3
クチ	口	ハサム	挟む	動詞	78	24.60	0.0396	0.4062	10.21	1970	192	を:74 ∅:2 は:2
アタマ	頭	フキトバス	吹き飛ばす	動詞	78	24.60	0.0243	0.2210	9.48	3214	353	を:71 ∅:6 は:1
アセ	汗	カク	掻く	動詞	77	24.29	0.5274	0.2219	12.32	146	347	を:61 ∅:12 も:2 は:2
テ	手	フレル	触れる	動詞	77	24.29	0.0076	0.1434	7.89	10122	537	を:54 に:10 も:5 で:3
カオ	顔	シル	知る	動詞	77	24.29	0.0256	0.0057	7.26	3003	13505	を:44 も:17 は:9 が:4
クチ	口	キク	利く	動詞	75	23.66	0.0381	0.1214	9.89	1970	618	を:39 ∅:21 も:9 は:4
ココロ	心	モツ	持つ	動詞	75	23.66	0.0317	0.0056	7.28	2369	13419	を:75
テ	手	ミセル	見せる	動詞	73	23.03	0.0072	0.0263	7.53	10122	2778	を:73
ミチ	道	ススム	進む	動詞	72	22.71	0.0295	0.0709	9.42	2438	1015	を:59 に:10 へ:3
コエ	声	スル	為る	動詞	72	22.71	0.0435	0.0002	2.97	1656	299560	が:50 を:10 ∅:6 も:3
チ	血	ツク	付く	動詞	71	22.40	0.0452	0.0184	8.74	1570	3853	が:70 も:1
ノド	喉	キル	切る	動詞	71	22.40	0.1122	0.0377	9.85	633	1884	を:66 が:2 から:1 も:1
ミ	身	ヒク	引く	動詞	71	22.40	0.0563	0.0499	9.76	1260	1423	を:70 は:1
クビ	首	ハネル	撥ねる	動詞	70	22.08	0.0449	0.5303	10.40	1560	132	を:62 は:4 ∅:2 も:1
クチ	口	ヒラク	開く	動詞	69	21.77	0.0350	0.0400	9.26	1970	1726	を:57 は:4 ∅:4 が:2
カミ	髪	キル	切る	動詞	68	21.45	0.1104	0.0361	9.80	616	1884	を:47 ∅:15 は:6
イノチ	命	ネラウ	狙う	動詞	67	21.13	0.0251	0.0705	9.24	2670	950	を:54 が:8 も:2 は:2
コエ	声	オオキイ	大きい	形容詞	67	21.13	0.0405	0.0596	9.63	1656	1124	が:42 ADJ:19 を:2 は:2
ミズ	水	ナガス	流す	動詞	67	21.13	0.0459	0.1015	10.02	1461	660	に:57 を:5 も:3 が:1
イヌ	犬	カウ	飼う	動詞	66	20.82	0.0758	0.3028	10.96	871	218	を:46 は:9 ∅:6 も:5
テ	手	オク	置く	動詞	65	20.50	0.0064	0.0264	7.40	10122	2464	を:62 に:2 ∅:1
カオ	顔	ミエル	見える	動詞	65	20.50	0.0216	0.0237	8.53	3003	2748	が:27 に:16 は:16 ∅:3
キ	気	クバル	配る	動詞	64	20.19	0.0042	0.4414	7.09	15230	145	を:64
クビ	首	ツキコム	突き込む	動詞	63	19.87	0.0404	0.2072	10.11	1560	304	を:58 ∅:4 は:1
テ	手	トドク	届く	動詞	63	19.87	0.0062	0.1129	7.59	10122	558	が:52 に:5 は:5 も:1
アシ	足	フミイレル	踏み入れる	動詞	63	19.87	0.0477	0.8750	10.53	1320	72	を:62 は:1
ミミ	耳	モツ	持つ	動詞	63	19.87	0.0609	0.0047	7.16	1034	13419	を:42 ∅:17 は:4
ノド	喉	カキキル	掻き切る	動詞	63	19.87	0.0995	0.8400	11.51	633	75	を:60 ∅:2 は:1
ヒ	火	ケス	消す	動詞	62	19.56	0.0626	0.0443	9.73	991	1398	を:59 は:3
キ	気	アウ	合う	動詞	62	19.56	0.0041	0.0747	6.98	15230	830	が:58 も:2 は:1 ∅:1
アタマ	頭	イタイ	痛い	形容詞	61	19.24	0.0190	0.0997	9.03	3214	612	が:48 ∅:12 も:1
アタマ	頭	ナイ	無い	形容詞	61	19.24	0.0190	0.0011	5.04	3214	57619	に:39 が:12 ADJ:6 ∅:2
イノチ	命	ナイ	無い	形容詞	60	18.93	0.0225	0.0010	5.03	2670	57619	は:42 ADJ:9 が:8 も:1
アタマ	頭	ヒヤス	冷やす	動詞	60	18.93	0.0187	0.5941	9.21	3214	101	を:52 ∅:8
ミチ	道	ミツケル	見付ける	動詞	60	18.93	0.0246	0.0089	7.75	2438	6717	を:57 は:2 で:1
キ	気	ソラス	逸らす	動詞	60	18.93	0.0039	0.2542	6.99	15230	236	を:60
ハ	歯	ミガク	磨く	動詞	60	18.93	0.1336	0.3593	11.64	449	167	を:56 は:3 ∅:1
キ	気	トル	取る	動詞	60	18.93	0.0039	0.0072	6.38	15230	8305	を:59 が:1
ミズ	水	ナイ	無い	形容詞	59	18.61	0.0404	0.0010	5.03	1461	57619	が:36 も:11 は:9 ADJ:2
イキ	息	スウ	吸う	動詞	59	18.61	0.0589	0.0803	10.12	1001	735	を:54 は:3 が:2
テ	手	サシノベル	差し伸べる	動詞	59	18.61	0.0058	0.9672	7.57	10122	61	を:57 が:2
テ	手	ツカム	掴む	動詞	59	18.61	0.0058	0.0578	7.44	10122	1021	を:42 に:10 で:5 ∅:1
ヒ	火	オコス	起こす	動詞	59	18.61	0.0595	0.0370	9.55	991	1595	を:53 も:3 ∅:2 は:1
シンゾウ	心臓	トマル	止まる	動詞	58	18.30	0.1144	0.0649	10.41	507	893	が:52 ∅:3 は:3
テ	手	ヨゴス	汚す	動詞	57	17.98	0.0056	0.2176	7.49	10122	262	を:44 は:7 ∅:3 で:1
テ	手	モツ	持つ	動詞	57	17.98	0.0056	0.0042	6.31	10122	13419	に:40 を:14 で:2 と:1
イキ	息	トメル	止める	動詞	56	17.66	0.0559	0.0209	8.96	1001	2683	を:52 ∅:3 が:1
メ	目	ヨイ	良い	形容詞	56	17.66	0.0091	0.0016	5.49	6129	34642	ADJ:19 が:14 は:10 を:5
アタマ	頭	ナグル	殴る	動詞	56	17.66	0.0174	0.1063	8.94	3214	527	を:54 ∅:2
テ	手	キル	切る	動詞	56	17.66	0.0055	0.0297	7.26	10122	1884	を:54 ∅:1 は:1
アタマ	頭	ウカブ	浮かぶ	動詞	56	17.66	0.0174	0.1818	9.03	3214	308	に:56
メ	目	ハイル	入る	動詞	56	17.66	0.0091	0.0064	6.95	6129	8741	に:54 から:2
チ	血	ミル	見る	動詞	55	17.35	0.0350	0.0031	6.53	1570	17999	を:53 は:1 も:1
テ	手	ミル	見る	動詞	55	17.35	0.0054	0.0031	6.00	10122	17999	を:53 ∅:1 で:1
テ	手	ヨイ	良い	形容詞	55	17.35	0.0054	0.0016	5.33	10122	34642	ADJ:47 は:4 を:1 で:1
カラダ	体	ヨイ	良い	形容詞	55	17.35	0.0508	0.0016	5.66	1082	34642	に:29 ADJ:24 ∅:1 で:1
メ	目	アウ	合う	動詞	55	17.35	0.0090	0.0663	8.02	6129	830	に:44 が:9 を:1 ∅:1
メ	目	タシカメル	確かめる	動詞	53	16.72	0.0086	0.1626	8.07	6129	326	で:53
ニク	肉	タベル	食べる	動詞	53	16.72	0.1550	0.0214	9.27	342	2478	を:34 も:7 ∅:7 は:5
ヒ	火	ツク	付く	動詞	52	16.40	0.0525	0.0135	8.46	991	3853	が:49 は:3
イヌ	犬	コロス	殺す	動詞	52	16.40	0.0597	0.0064	7.56	871	8139	を:46 が:2 も:2 まで:1
ミミ	耳	キコエル	聞こえる	動詞	52	16.40	0.0503	0.0428	9.56	1034	1216	が:32 は:8 に:4 まで:3
カオ	顔	ナグル	殴る	動詞	52	16.40	0.0173	0.0987	8.91	3003	527	を:50 に:1 は:1
テ	手	ワタル	渡る	動詞	52	16.40	0.0051	0.0716	7.30	10122	726	に:52
ノド	喉	キリサク	切り裂く	動詞	52	16.40	0.0821	0.5361	11.19	633	97	を:50 が:2
イノチ	命	マモル	守る	動詞	51	16.09	0.0191	0.0135	8.02	2670	3782	を:45 で:2 が:2 も:1
ミ	身	ナル	成る	動詞	51	16.09	0.0405	0.0018	5.82	1260	28283	に:36 と:14 が:1
キ	気	サワル	障る	動詞	51	16.09	0.0033	0.6800	6.77	15230	75	に:50 が:1
クビ	首	ツル	吊る	動詞	51	16.09	0.0327	0.3517	9.94	1560	145	を:48 ∅:3
ミズ	水	クレル	呉れる	動詞	50	15.77	0.0342	0.0224	8.79	1461	2229	を:47 ∅:2 も:1
ミ	身	ササゲル	捧げる	動詞	50	15.77	0.0397	0.0938	9.84	1260	533	を:50
ミチ	道	サガス	探す	動詞	50	15.77	0.0205	0.0105	7.83	2438	4773	を:47 ∅:2 も:1
アシ	足	アラウ	洗う	動詞	50	15.77	0.0379	0.1319	9.91	1320	379	を:46 は:2 も:1 ∅:1
カオ	顔	ヒドイ	酷い	形容詞	50	15.77	0.0167	0.0159	8.06	3003	3148	ADJ:45 ∅:2 に:2 が:1
イノチ	命	ウシナウ	失う	動詞	50	15.77	0.0187	0.0168	8.18	2670	2976	を:29 が:18 は:2 も:1
ミズ	水	モツ	持つ	動詞	50	15.77	0.0342	0.0037	6.78	1461	13419	を:39 ∅:8 も:2 は:1
テ	手	オチル	落ちる	動詞	49	15.46	0.0048	0.0285	7.08	10122	1718	に:47 から:2
クチ	口	イレル	入れる	動詞	48	15.14	0.0244	0.0078	7.60	1970	6156	に:46 も:2
キ	気	キク	利く	動詞	48	15.14	0.0032	0.0777	6.63	15230	618	が:45 を:3
イノチ	命	タツ	断つ	動詞	48	15.14	0.0180	0.2376	9.10	2670	202	を:48
テ	手	カカル	掛かる	動詞	47	14.83	0.0046	0.0152	6.87	10122	3090	に:29 が:14 は:2 も:2
テ	手	アラウ	洗う	動詞	47	14.83	0.0046	0.1240	7.20	10122	379	を:45 ∅:1 は:1
メ	目	ヒラク	開く	動詞	47	14.83	0.0077	0.0272	7.62	6129	1726	を:34 は:9 が:4
イヌ	犬	イル	居る	動詞	46	14.51	0.0528	0.0018	5.81	871	25937	が:32 も:5 は:5 と:4
テ	手	ミエル	見える	動詞	46	14.51	0.0045	0.0167	6.87	10122	2748	を:32 は:7 が:5 も:1
ミズ	水	ハイル	入る	動詞	45	14.19	0.0308	0.0051	7.18	1461	8741	に:20 が:14 ∅:10 から:1
イノチ	命	アブナイ	危ない	形容詞	45	14.19	0.0169	0.1154	8.91	2670	390	が:41 も:3 は:1
ミ	身	マカセル	任せる	動詞	45	14.19	0.0357	0.0578	9.50	1260	779	を:45
ミチ	道	シル	知る	動詞	45	14.19	0.0185	0.0033	6.53	2438	13505	を:37 ∅:4 は:4
イヌ	犬	ミタイ	みたい	形状詞	44	13.88	0.0505	0.0084	7.88	871	5251	∅:44
ミミ	耳	ハイル	入る	動詞	44	13.88	0.0426	0.0050	7.20	1034	8741	に:39 が:2 から:2 ∅:1
クチ	口	タタク	叩く	動詞	44	13.88	0.0223	0.0816	9.17	1970	539	を:35 ∅:8 は:1
ナミダ	涙	ナガス	流す	動詞	44	13.88	0.1739	0.0667	10.62	253	660	を:35 ∅/サ変:5 は:3 が:1
メ	目	ソムケル	背ける	動詞	44	13.88	0.0072	0.8000	7.87	6129	55	を:44
ミチ	道	タダシイ	正しい	形容詞	44	13.88	0.0180	0.0217	8.33	2438	2028	ADJ:43 で:1
アシ	足	ヒッパル	引っ張る	動詞	43	13.56	0.0326	0.1552	9.79	1320	277	を:30 ∅:11 は:2
キ	気	ヨイ	良い	形容詞	43	13.56	0.0028	0.0012	4.82	15230	34642	ADJ:41 を:2
ヤマ	山	ノボル	上る	動詞	43	13.56	0.0925	0.0673	10.32	465	639	に:26 を:9 ∅:7 は:1
キ	気	イク	行く	動詞	43	13.56	0.0028	0.0027	5.49	15230	16107	に:42 が:1
ミチ	道	ヒラク	開く	動詞	43	13.56	0.0176	0.0249	8.40	2438	1726	を:30 が:11 も:1 は:1
カオ	顔	カワイイ	可愛い	形容詞	43	13.56	0.0143	0.0332	8.36	3003	1297	ADJ:39 も:2 が:1 は:1
カオ	顔	ヨイ	良い	形容詞	42	13.25	0.0140	0.0012	5.19	3003	34642	ADJ:26 を:4 が:4 は:3
カオ	顔	アワセル	合わせる	動詞	42	13.25	0.0140	0.0581	8.53	3003	723	を:34 ∅:5 に:3
キ	気	ヌク	抜く	動詞	42	13.25	0.0028	0.0808	6.45	15230	520	を:42
ウデ	腕	アゲル	上げる	動詞	42	13.25	0.0457	0.0161	8.61	920	2603	を:39 ∅:3
クチ	口	ツツシム	慎む	動詞	42	13.25	0.0213	0.5000	9.39	1970	84	を:42
ミチ	道	オシエル	教える	動詞	42	13.25	0.0172	0.0137	7.97	2438	3055	を:36 ∅:3 が:2 も:1
ミチ	道	シメス	示す	動詞	42	13.25	0.0172	0.0484	8.70	2438	867	を:42
アタマ	頭	キレル	切れる	動詞	42	13.25	0.0131	0.0757	8.51	3214	555	が:37 は:3 も:2
ミチ	道	モドル	戻る	動詞	42	13.25	0.0172	0.0061	7.20	2438	6921	を:25 に:9 は:3 と:3
キ	気	ハレル	晴れる	動詞	42	13.25	0.0028	0.2819	6.48	15230	149	が:33 は:7 も:2
ミチ	道	ハズレル	外れる	動詞	42	13.25	0.0172	0.1224	8.95	2438	343	を:26 から:13 に:2 は:1
アタマ	頭	キリオトス	切り落とす	動詞	42	13.25	0.0131	0.2577	8.67	3214	163	を:38 ∅:1 が:1 も:1
コエ	声	アゲル	上げる	動詞	41	12.93	0.0248	0.0158	8.30	1656	2603	を:41
ココロ	心	ウバウ	奪う	動詞	41	12.93	0.0173	0.0274	8.44	2369	1496	を:35 ∅/サ変:5 が:1
イノチ	命	アタエル	与える	動詞	41	12.93	0.0154	0.0119	7.78	2670	3459	を:41
ミチ	道	トオル	通る	動詞	41	12.93	0.0168	0.0609	8.75	2438	673	を:36 は:2 が:2 ∅:1
イノチ	命	アル	有る	動詞	41	12.93	0.0154	0.0007	4.38	2670	61681	が:29 ∅:10 は:2
ミチ	道	アユム	歩む	動詞	41	12.93	0.0168	0.3417	9.04	2438	120	を:39 は:1 が:1
ココロ	心	アイスル	愛する	動詞	40	12.62	0.0169	0.0288	8.45	2369	1388	から:39 で:1
サカナ	魚	イル	居る	動詞	40	12.62	0.1449	0.0015	5.64	276	25937	が:31 は:8 と:1
チ	血	ノム	飲む	動詞	39	12.30	0.0248	0.0155	8.29	1570	2516	を:37 ∅:1 は:1
テ	手	カリル	借りる	動詞	39	12.30	0.0039	0.0464	6.87	10122	841	を:28 も:9 は:2
カオ	顔	オボエル	覚える	動詞	39	12.30	0.0130	0.0204	8.02	3003	1908	を:29 は:4 も:3 ∅:3
テ	手	ヨル	因る	動詞	39	12.30	0.0039	0.0094	6.49	10122	4136	に:39
ミチ	道	ワカル	分かる	動詞	39	12.30	0.0160	0.0042	6.76	2438	9368	が:18 は:16 ∅:3 も:2
アタマ	頭	アル	有る	動詞	39	12.30	0.0121	0.0006	4.30	3214	61681	に:26 が:10 は:2 も:1
ホネ	骨	オル	折る	動詞	38	11.99	0.1035	0.1343	10.90	367	283	を:38
テ	手	キタナイ	汚い	形容詞	38	11.99	0.0038	0.0716	6.87	10122	531	ADJ:36 は:2
クチ	口	カタイ	固い	形容詞	38	11.99	0.0193	0.1162	9.08	1970	327	が:27 は:11
ミチ	道	アルク	歩く	動詞	38	11.99	0.0156	0.0408	8.53	2438	932	を:36 も:1 ∅:1
クビ	首	オトス	落とす	動詞	38	11.99	0.0244	0.0378	8.92	1560	1004	を:34 は:2 も:1 が:1
タマシイ	魂	スクウ	救う	動詞	37	11.67	0.0639	0.0140	8.56	579	2644	を:29 が:3 は:3 も:2
テ	手	カケル	掛ける	動詞	37	11.67	0.0037	0.0081	6.37	10122	4568	を:26 に:11
ココロ	心	イタム	痛む	動詞	37	11.67	0.0156	0.1779	8.88	2369	208	が:33 も:3 ∅/サ変:1
カオ	顔	ワスレル	忘れる	動詞	37	11.67	0.0123	0.0141	7.75	3003	2619	は:16 を:13 も:4 ∅:3
アタマ	頭	ワルイ	悪い	形容詞	37	11.67	0.0115	0.0052	6.88	3214	7066	が:24 ∅:8 は:3 も:2
カオ	顔	ナイ	無い	形容詞	37	11.67	0.0123	0.0006	4.32	3003	57619	が:14 ADJ:13 は:7 も:2
ココロ	心	ナイ	無い	形容詞	37	11.67	0.0156	0.0006	4.34	2369	57619	は:14 ADJ:12 が:8 も:2
ミズ	水	ヤル	遣る	動詞	37	11.67	0.0253	0.0035	6.66	1461	10519	を:24 ∅:7 が:2 は:2
ウデ	腕	オル	折る	動詞	37	11.67	0.0402	0.1307	9.98	920	283	を:35 ∅:2
アタマ	頭	アゲル	上げる	動詞	36	11.36	0.0112	0.0138	7.66	3214	2603	を:34 ∅:2
イキ	息	ツマル	詰まる	動詞	36	11.36	0.0360	0.1328	9.86	1001	271	が:33 を:3
カオ	顔	アル	有る	動詞	36	11.36	0.0120	0.0006	4.19	3003	61681	が:26 に:4 は:3 も:2
クビ	首	オル	折る	動詞	36	11.36	0.0231	0.1272	9.32	1560	283	を:36
ミ	身	ヒソメル	潜める	動詞	36	11.36	0.0286	0.5714	9.80	1260	63	を:36
テ	手	フルエル	震える	動詞	36	11.36	0.0036	0.2857	6.85	10122	126	が:31 は:3 も:2
ウデ	腕	ツカム	掴む	動詞	35	11.04	0.0380	0.0343	9.21	920	1021	を:30 に:2 は:2 ∅:1
メ	目	ヒカル	光る	動詞	35	11.04	0.0057	0.3043	7.52	6129	115	を:32 が:1 も:1 は:1
アタマ	頭	ウチヌク	打ち抜く	動詞	35	11.04	0.0109	0.5932	8.45	3214	59	を:35
ココロ	心	ヤサシイ	優しい	形容詞	35	11.04	0.0148	0.0628	8.61	2369	557	ADJ:17 ∅/サ変:13 は:3 が:2
ミズ	水	クム	汲む	動詞	35	11.04	0.0240	0.5738	9.56	1461	61	を:33 は:2
イキ	息	アル	有る	動詞	35	11.04	0.0350	0.0006	4.19	1001	61681	が:23 は:11 も:1
イキ	息	タエル	絶える	動詞	35	11.04	0.0350	0.3684	10.03	1001	95	∅:34 は:1
クビ	首	キリオトス	切り落とす	動詞	35	11.04	0.0224	0.2147	9.38	1560	163	を:34 が:1
アタマ	頭	オク	置く	動詞	35	11.04	0.0109	0.0142	7.66	3214	2464	に:25 を:9 が:1
ヒザ	膝	ツク	つく	動詞	35	11.04	0.1101	0.0054	7.39	318	6519	を:35
アシ	足	ウツ	打つ	動詞	35	11.04	0.0265	0.0117	8.06	1320	2986	を:34 は:1
クチ	口	イウ	言う	動詞	34	10.73	0.0173	0.0020	5.90	1970	16684	で:22 から:7 が:3 と:1
イノチ	命	カカワル	関わる	動詞	34	10.73	0.0127	0.0444	8.34	2670	766	に:34
ヒ	火	フク	吹く	動詞	34	10.73	0.0343	0.1283	9.79	991	265	を:32 も:2
カオ	顔	アゲル	上げる	動詞	34	10.73	0.0113	0.0131	7.63	3003	2603	を:29 ∅:5
ミズ	水	イレル	入れる	動詞	34	10.73	0.0233	0.0055	7.19	1461	6156	を:20 に:11 ∅:3
チ	血	スウ	吸う	動詞	34	10.73	0.0217	0.0463	8.92	1570	735	を:28 ∅:3 まで:2 は:1
ココロ	心	スル	為る	動詞	34	10.73	0.0144	0.0001	1.88	2369	299560	∅/サ変:23 が:4 から:4 を:2
キモ	肝	メイズル	銘ずる	動詞	34	10.73	0.5312	1.0000	13.47	64	34	に:34
ハラ	腹	ワル	割る	動詞	34	10.73	0.0418	0.1355	10.03	814	251	を:28 ∅:6
チ	血	ヨル	因る	動詞	34	10.73	0.0217	0.0082	7.61	1570	4136	に:34
テ	手	アテル	当てる	動詞	33	10.41	0.0033	0.1044	6.69	10122	316	を:29 に:4
アタマ	頭	ブツケル	ぶつける	動詞	33	10.41	0.0103	0.2102	8.33	3214	157	を:28 ∅:2 に:2 は:1
メ	目	ツク	付く	動詞	33	10.41	0.0054	0.0086	6.76	6129	3853	に:26 は:4 が:3
メ	目	ウカブ	浮かぶ	動詞	32	10.09	0.0052	0.1039	7.35	6129	308	に:32
テ	手	クワエル	加える	動詞	32	10.09	0.0032	0.0639	6.63	10122	501	を:29 は:1 が:1 も:1
アシ	足	ツク	付く	動詞	32	10.09	0.0242	0.0083	7.66	1320	3853	が:25 は:5 も:2
テ	手	ドケル	退ける	動詞	32	10.09	0.0032	0.2623	6.68	10122	122	を:32
メ	目	クラム	眩む	動詞	32	10.09	0.0052	0.6809	7.41	6129	47	が:25 を:5 は:2
タマシイ	魂	ウル	売る	動詞	32	10.09	0.0553	0.0244	9.12	579	1309	を:32
ココロ	心	トメル	止める	動詞	32	10.09	0.0135	0.0119	7.70	2369	2683	に:31 を:1
アタマ	頭	ハイル	入る	動詞	32	10.09	0.0100	0.0037	6.45	3214	8741	に:32
テ	手	マワス	回す	動詞	32	10.09	0.0032	0.0645	6.63	10122	496	を:31 は:1
カゼ	風	ツヨイ	強い	形容詞	31	9.78	0.0760	0.0172	8.85	408	1799	が:13 ADJ:13 は:3 も:2
メ	目	モツ	持つ	動詞	31	9.78	0.0051	0.0023	5.70	6129	13419	を:30 は:1
キ	気	イル	要る	動詞	31	9.78	0.0020	0.0125	5.84	15230	2471	に:31
アシ	足	イタイ	痛い	形容詞	31	9.78	0.0235	0.0507	9.04	1320	612	が:26 ADJ:2 ∅:1 は:1
キ	気	フレル	触れる	動詞	31	9.78	0.0020	0.0577	6.01	15230	537	が:30 に:1
ムネ	胸	ウツ	打つ	動詞	31	9.78	0.0714	0.0104	8.21	434	2986	を:29 に:2
カラダ	体	ワルイ	悪い	形容詞	31	9.78	0.0287	0.0044	6.96	1082	7066	に:27 が:2 ADJ:2
キ	気	イル	居る	動詞	31	9.78	0.0020	0.0012	4.62	15230	25937	に:28 で:2 ∅:1
ココロ	心	カエル	変える	動詞	31	9.78	0.0131	0.0114	7.64	2369	2709	を:29 に:1 も:1
ミチ	道	マチガエル	間違える	動詞	30	9.46	0.0123	0.0857	8.46	2438	350	を:25 ∅:5
カゼ	風	フク	吹く	動詞	30	9.46	0.0735	0.1132	10.51	408	265	が:24 を:3 に:3
ミミ	耳	フサグ	塞ぐ	動詞	30	9.46	0.0290	0.1195	9.58	1034	251	を:26 ∅:1 まで:1 は:1
カオ	顔	カクス	隠す	動詞	30	9.46	0.0100	0.0171	7.69	3003	1758	を:27 は:3
タマシイ	魂	アル	有る	動詞	30	9.46	0.0518	0.0005	3.98	579	61681	が:21 は:4 も:4 ∅:1
ヒ	火	ハナツ	放つ	動詞	30	9.46	0.0303	0.1154	9.62	991	260	を:30
クチビル	唇	マルメル	丸める	動詞	30	9.46	0.2206	0.7895	12.46	136	38	を:30
イノチ	命	タスカル	助かる	動詞	29	9.15	0.0109	0.0951	8.32	2670	305	が:14 は:10 も:4 ∅:1
メ	目	アワス	遭わす	動詞	29	9.15	0.0047	0.9062	7.27	6129	32	に:28 を:1
ミズ	水	ツメタイ	冷たい	形容詞	29	9.15	0.0198	0.0915	9.06	1461	317	ADJ:18 が:5 は:5 も:1
ココロ	心	イタメル	痛める	動詞	29	9.15	0.0122	0.2479	8.58	2369	117	を:28 ∅/サ変:1
ミチ	道	タドル	辿る	動詞	29	9.15	0.0119	0.1051	8.45	2438	276	を:27 は:2
ミチ	道	キリヒラク	切り開く	動詞	29	9.15	0.0119	0.4203	8.57	2438	69	を:28 が:1
ヤマ	山	アル	有る	動詞	29	9.15	0.0624	0.0005	3.93	465	61681	が:17 ∅:6 に:5 と:1
アシ	足	デル	出る	動詞	29	9.15	0.0220	0.0032	6.51	1320	9088	も:24 が:2 から:2 ∅:1
ミズ	水	ホシイ	欲しい	形容詞	28	8.83	0.0192	0.0075	7.47	1461	3725	が:25 を:3
カオ	顔	アラウ	洗う	動詞	28	8.83	0.0093	0.0739	8.08	3003	379	を:26 ∅:2
テ	手	デキル	出来る	動詞	28	8.83	0.0028	0.0009	4.44	10122	32192	に:28
ヤマ	山	オリル	下りる	動詞	28	8.83	0.0602	0.0265	9.24	465	1056	を:27 から:1
ココロ	心	ツヨイ	強い	形容詞	28	8.83	0.0118	0.0156	7.78	2369	1799	を:15 ADJ:8 は:2 ∅/サ変:1
ホネ	骨	オレル	折れる	動詞	28	8.83	0.0763	0.1414	10.67	367	198	が:22 は:3 を:2 も:1
アタマ	頭	デル	出る	動詞	28	8.83	0.0087	0.0031	6.22	3214	9088	から:19 が:9
メ	目	アカイ	赤い	形容詞	27	8.52	0.0044	0.0334	6.99	6129	809	ADJ:16 が:7 ∅:1 を:1
テ	手	タタク	叩く	動詞	27	8.52	0.0027	0.0501	6.37	10122	539	を:25 で:2
テ	手	ヌク	抜く	動詞	27	8.52	0.0027	0.0519	6.38	10122	520	を:24 ∅:2 は:1
カオ	顔	デル	出る	動詞	27	8.52	0.0090	0.0030	6.19	3003	9088	に:17 が:5 ∅:2 で:2
メ	目	クレル	呉れる	動詞	27	8.52	0.0044	0.0121	6.73	6129	2229	も:26 を:1
カオ	顔	ナル	成る	動詞	27	8.52	0.0090	0.0010	4.82	3003	28283	に:24 と:1 ∅:1 は:1
チ	血	ウエル	飢える	動詞	27	8.52	0.0172	0.2727	9.05	1570	99	に:27
カオ	顔	アカイ	赤い	形容詞	27	8.52	0.0090	0.0334	7.86	3003	809	が:13 ∅:6 ADJ:6 を:1
アタマ	頭	ネラウ	狙う	動詞	27	8.52	0.0084	0.0284	7.73	3214	950	を:27
セ	背	ヒクイ	低い	形容詞	27	8.52	0.0637	0.0742	10.13	424	364	が:23 は:2 を:1 ∅:1
カオ	顔	モツ	持つ	動詞	27	8.52	0.0090	0.0020	5.75	3003	13419	を:26 は:1
キ	気	ヤム	病む	動詞	27	8.52	0.0018	0.4737	5.85	15230	57	に:24 を:2 が:1
ミミ	耳	ナル	成る	動詞	26	8.20	0.0251	0.0009	4.86	1034	28283	に:16 と:10
カオ	顔	コワイ	怖い	形容詞	26	8.20	0.0087	0.0215	7.66	3003	1209	ADJ:22 が:2 ∅:2
シタ	舌	カム	噛む	動詞	26	8.20	0.1262	0.0795	10.64	206	327	を:21 ∅:4 も:1
アシ	足	アゲル	上げる	動詞	26	8.20	0.0197	0.0100	7.76	1320	2603	を:21 ∅:4 は:1
イノチ	命	オシイ	惜しい	形容詞	26	8.20	0.0097	0.3377	8.28	2670	77	が:17 ∅:4 は:3 を:2
ココロ	心	ヒロイ	広い	形容詞	26	8.20	0.0110	0.0743	8.29	2369	350	が:17 ADJ:5 を:2 ∅/サ変:1
クチ	口	スベル	滑る	動詞	26	8.20	0.0132	0.2261	8.67	1970	115	が:21 を:5
タマシイ	魂	ナイ	無い	形容詞	26	8.20	0.0449	0.0005	3.87	579	57619	が:13 は:8 ADJ:4 も:1
チ	血	ソマル	染まる	動詞	26	8.20	0.0166	0.5532	9.04	1570	47	に:18 で:8
イノチ	命	ステル	捨てる	動詞	26	8.20	0.0097	0.0164	7.64	2670	1587	を:26
ココロ	心	キメル	決める	動詞	26	8.20	0.0110	0.0235	7.94	2369	1107	を:13 に:12 が:1
コエ	声	ヨイ	良い	形容詞	26	8.20	0.0157	0.0008	4.55	1656	34642	ADJ:18 が:4 ∅:3 を:1
カミ	髪	クロイ	黒い	形容詞	26	8.20	0.0422	0.0478	9.52	616	544	ADJ:19 が:3 も:2 を:1
カゼ	風	カンズル	感ずる	動詞	26	8.20	0.0637	0.0137	8.53	408	1898	を:15 に:10 は:1
テ	手	クダス	下す	動詞	25	7.89	0.0025	0.0644	6.28	10122	388	を:24 は:1
アシ	足	モツ	持つ	動詞	25	7.89	0.0189	0.0019	5.80	1320	13419	を:19 ∅:6
キ	気	メイル	滅入る	動詞	25	7.89	0.0016	0.8929	5.75	15230	28	が:20 を:3 ∅:1 は:1
クチ	口	ワルイ	悪い	形容詞	25	7.89	0.0127	0.0035	6.50	1970	7066	が:17 ADJ:3 は:3 も:1
イヌ	犬	ヨイ	良い	形容詞	25	7.89	0.0287	0.0007	4.53	871	34642	ADJ:20 で:3 は:1 ∅:1
ナミダ	涙	デル	出る	動詞	25	7.89	0.0988	0.0028	6.45	253	9088	が:22 も:2 ∅/サ変:1
ハ	歯	ヌク	抜く	動詞	25	7.89	0.0557	0.0481	9.72	449	520	を:20 が:2 は:2 も:1
ネコ	猫	ミタイ	みたい	形状詞	25	7.89	0.0731	0.0048	7.19	342	5251	∅:25
ココロ	心	ヨイ	良い	形容詞	25	7.89	0.0106	0.0007	4.47	2369	34642	ADJ:18 ∅/サ変:2 から:2 を:1
ミチ	道	ヨイ	良い	形容詞	25	7.89	0.0103	0.0007	4.47	2438	34642	ADJ:21 で:2 ∅:1 が:1
クビ	首	ヘシオル	へし折る	動詞	25	7.89	0.0160	0.3968	8.98	1560	63	を:24 が:1
ミチ	道	ナガイ	長い	形容詞	25	7.89	0.0103	0.0098	7.36	2438	2540	は:13 ADJ:11 ∅:1
メ	目	ミツメル	見詰める	動詞	25	7.89	0.0041	0.1096	7.01	6129	228	を:23 も:1 で:1
イキ	息	アライ	荒い	形容詞	25	7.89	0.0250	0.3125	9.57	1001	80	ADJ:19 は:2 を:2 が:2
ヒ	火	トモス	灯す	動詞	24	7.57	0.0242	0.2637	9.51	991	91	を:20 が:4
ハ	歯	タツ	立つ	動詞	24	7.57	0.0535	0.0098	8.09	449	2444	が:23 で:1
ミズ	水	モラウ	貰う	動詞	24	7.57	0.0164	0.0140	7.95	1461	1713	を:23 ∅:1
キ	気	チラス	散らす	動詞	24	7.57	0.0016	0.5333	5.69	15230	45	を:24
イキ	息	ノム	飲む	動詞	24	7.57	0.0240	0.0095	7.80	1001	2516	を:24
イヌ	犬	ツレル	連れる	動詞	24	7.57	0.0276	0.0076	7.61	871	3168	を:20 も:2 は:1 ∅:1
キ	気	ツヨイ	強い	形容詞	24	7.57	0.0016	0.0133	5.53	15230	1799	を:11 が:10 は:2 ∅:1
ココロ	心	シンズル	信ずる	動詞	24	7.57	0.0101	0.0107	7.42	2369	2234	に:19 から:2 を:2 は:1
ココロ	心	ヤスラグ	安らぐ	動詞	24	7.57	0.0101	0.7742	8.36	2369	31	が:17 は:3 も:1 から:1
アシ	足	オル	折る	動詞	24	7.57	0.0182	0.0848	8.94	1320	283	を:22 ∅:2
メ	目	ワルイ	悪い	形容詞	23	7.26	0.0038	0.0033	5.84	6129	7066	が:15 も:3 は:2 を:1
クチ	口	フサグ	塞ぐ	動詞	23	7.26	0.0117	0.0916	8.41	1970	251	を:19 も:2 は:1 ∅:1
キ	気	オトス	落とす	動詞	23	7.26	0.0015	0.0229	5.54	15230	1004	を:23
クビ	首	モツ	持つ	動詞	23	7.26	0.0147	0.0017	5.65	1560	13419	を:22 が:1
アシ	足	ウゴク	動く	動詞	23	7.26	0.0174	0.0179	8.18	1320	1283	が:15 を:5 も:2 は:1
ココロ	心	イヤス	癒す	動詞	23	7.26	0.0097	0.1420	8.22	2369	162	を:19 が:2 は:2
クチ	口	トザス	閉ざす	動詞	23	7.26	0.0117	0.3108	8.53	1970	74	を:22 は:1
タマシイ	魂	モツ	持つ	動詞	23	7.26	0.0397	0.0017	5.75	579	13419	を:22 は:1
ココロ	心	ノコル	残る	動詞	23	7.26	0.0097	0.0144	7.57	2369	1598	に:17 が:5 は:1
チ	血	ヒク	引く	動詞	23	7.26	0.0146	0.0162	7.98	1570	1423	を:22 が:1
アタマ	頭	イカレル	いかれる	動詞	23	7.26	0.0072	0.1855	7.82	3214	124	が:15 は:4 ∅:2 も:2
ミ	身	モツ	持つ	動詞	23	7.26	0.0183	0.0017	5.68	1260	13419	を:21 が:2
クビ	首	カケル	掛ける	動詞	23	7.26	0.0147	0.0050	6.94	1560	4568	に:14 を:9
ドロ	泥	ヌル	塗る	動詞	23	7.26	0.1966	0.1045	11.13	117	220	を:23
イノチ	命	ヨル	因る	動詞	23	7.26	0.0086	0.0056	6.79	2670	4136	に:23
テ	手	カンガエル	考える	動詞	22	6.94	0.0022	0.0061	5.71	10122	3618	を:21 は:1
ネ	根	モツ	持つ	動詞	22	6.94	0.2178	0.0016	5.74	101	13419	に:20 を:2
ウデ	腕	モツ	持つ	動詞	22	6.94	0.0239	0.0016	5.65	920	13419	を:22
アシ	足	ハヤイ	早い	形容詞	22	6.94	0.0167	0.0129	7.90	1320	1699	が:16 も:2 は:2 を:1
テ	手	ユダネル	委ねる	動詞	22	6.94	0.0022	0.1930	6.14	10122	114	に:22
ミチ	道	デル	出る	動詞	22	6.94	0.0090	0.0024	5.97	2438	9088	に:8 を:6 から:4 へ:4
テ	手	ケガス	汚す	動詞	22	6.94	0.0022	0.3099	6.14	10122	71	を:22
ミズ	水	デル	出る	動詞	22	6.94	0.0151	0.0024	6.09	1461	9088	から:12 が:6 は:3 も:1
シリ	尻	ケル	蹴る	動詞	22	6.94	0.1033	0.1038	10.73	213	212	を:22
ノド	喉	ツマル	詰まる	動詞	22	6.94	0.0348	0.0812	9.64	633	271	を:10 に:7 が:3 は:1
アタマ	頭	ブチヌク	打ち抜く	動詞	22	6.94	0.0068	0.5641	7.79	3214	39	を:22
ヒ	火	ハク	吐く	動詞	22	6.94	0.0222	0.0507	8.98	991	434	を:18 も:4
キ	気	カカル	掛かる	動詞	22	6.94	0.0014	0.0071	5.30	15230	3090	に:20 ∅:1 が:1
ヤマ	山	コエル	越える	動詞	22	6.94	0.0473	0.0190	8.80	465	1157	を:18 は:2 ∅:2
ミズ	水	ツカル	浸かる	動詞	22	6.94	0.0151	0.4314	8.90	1461	51	に:22
ミチ	道	フサグ	塞ぐ	動詞	22	6.94	0.0090	0.0876	8.07	2438	251	を:20 が:1 は:1
ミズ	水	トル	取る	動詞	22	6.94	0.0151	0.0026	6.21	1461	8305	を:16 も:3 に:2 ∅:1
カミ	髪	オロス	下ろす	動詞	22	6.94	0.0357	0.0206	8.74	616	1068	を:21 ∅:1
メ	目	ミハル	見張る	動詞	22	6.94	0.0036	0.0604	6.79	6129	364	を:19 で:1 が:1 ∅:1
クチ	口	デル	出る	動詞	22	6.94	0.0112	0.0024	6.03	1970	9088	から:20 を:1 に:1
シンゾウ	心臓	ワルイ	悪い	形容詞	22	6.94	0.0434	0.0031	6.57	507	7066	が:10 に:10 ADJ:2
シンゾウ	心臓	トメル	止める	動詞	22	6.94	0.0434	0.0082	7.82	507	2683	を:19 ∅:2 で:1
チ	血	ヌク	抜く	動詞	22	6.94	0.0140	0.0423	8.43	1570	520	を:22
イヌ	犬	ミル	見る	動詞	21	6.62	0.0241	0.0012	5.19	871	17999	を:17 は:3 ∅:1
クチ	口	アル	有る	動詞	21	6.62	0.0107	0.0003	3.43	1970	61681	が:17 に:4
アシ	足	ミル	見る	動詞	21	6.62	0.0159	0.0012	5.15	1320	17999	を:19 が:1 も:1
ヒ	火	キエル	消える	動詞	21	6.62	0.0212	0.0148	8.16	991	1420	が:11 は:9 も:1
キ	気	ムク	向く	動詞	21	6.62	0.0014	0.0534	5.46	15230	393	が:21
テ	手	ウゴカス	動かす	動詞	21	6.62	0.0021	0.0419	6.02	10122	501	を:19 は:2
ハ	歯	ナイ	無い	形容詞	21	6.62	0.0468	0.0004	3.57	449	57619	が:13 は:5 も:3
アタマ	頭	イレル	入れる	動詞	21	6.62	0.0065	0.0034	6.20	3214	6156	に:17 を:4
アシ	足	ツカウ	使う	動詞	21	6.62	0.0159	0.0033	6.50	1320	6269	を:13 は:4 が:2 も:1
ミ	身	ナゲル	投げる	動詞	21	6.62	0.0167	0.0513	8.69	1260	409	を:21
クビ	首	トル	取る	動詞	21	6.62	0.0135	0.0025	6.12	1560	8305	を:21
イキ	息	ハク	吐く	動詞	21	6.62	0.0210	0.0484	8.91	1001	434	を:21
カミ	髪	アラウ	洗う	動詞	21	6.62	0.0341	0.0554	9.43	616	379	を:19 は:1 ∅:1
タナ	棚	アル	有る	動詞	21	6.62	0.1511	0.0003	3.48	139	61681	に:14 が:6 ∅:1
ミチ	道	オコナウ	行う	動詞	21	6.62	0.0086	0.0146	7.47	2438	1436	を:21
イノチ	命	ツキル	尽きる	動詞	21	6.62	0.0079	0.0991	7.90	2670	212	∅:12 が:8 も:1
キ	気	シズメル	静める	動詞	20	6.31	0.0013	0.2778	5.42	15230	72	を:20
メ	目	ナル	成る	動詞	20	6.31	0.0033	0.0007	4.25	6129	28283	と:10 に:9 ∅:1
キ	気	オカシイ	可笑しい	形容詞	20	6.31	0.0013	0.0288	5.36	15230	695	が:17 を:1 ADJ:1 は:1
クチ	口	ハイル	入る	動詞	20	6.31	0.0102	0.0023	5.94	1970	8741	に:17 から:3
メ	目	ヒク	引く	動詞	20	6.31	0.0033	0.0141	6.44	6129	1423	を:18 で:1 も:1
ココロ	心	ツカム	掴む	動詞	20	6.31	0.0084	0.0196	7.59	2369	1021	を:18 ∅/サ変:2
カミ	髪	ナガイ	長い	形容詞	20	6.31	0.0325	0.0079	7.70	616	2540	ADJ:14 ∅:2 が:2 を:1
セ	背	ノビル	伸びる	動詞	20	6.31	0.0472	0.1695	10.24	424	118	が:19 ∅:1
ウデ	腕	ダス	出す	動詞	20	6.31	0.0217	0.0042	6.84	920	4808	を:20
イノチ	命	モツ	持つ	動詞	20	6.31	0.0075	0.0015	5.35	2670	13419	を:18 が:2
ヤマ	山	イク	行く	動詞	20	6.31	0.0430	0.0012	5.31	465	16107	に:10 へ:6 まで:2 ∅:2
ウデ	腕	マワス	回す	動詞	20	6.31	0.0217	0.0403	8.85	920	496	を:20
ミズ	水	サス	差す	動詞	20	6.31	0.0137	0.0265	8.21	1461	754	を:19 が:1
テ	手	オロス	下ろす	動詞	20	6.31	0.0020	0.0187	5.87	10122	1068	を:20
カラダ	体	モツ	持つ	動詞	20	6.31	0.0185	0.0015	5.50	1082	13419	が:12 を:7 は:1
メ	目	トマル	止まる	動詞	20	6.31	0.0033	0.0224	6.54	6129	893	に:18 が:2
メ	目	ワカル	分かる	動詞	20	6.31	0.0033	0.0021	5.40	6129	9368	で:17 が:2 は:1
ココロ	心	ウシナウ	失う	動詞	20	6.31	0.0084	0.0067	6.94	2369	2976	を:20
アタマ	頭	フキトブ	吹き飛ぶ	動詞	20	6.31	0.0062	0.1124	7.59	3214	178	が:11 を:8 は:1
ハラ	腹	アク	空く	動詞	20	6.31	0.0246	0.0461	9.04	814	434	を:12 が:5 も:2 は:1
イヌ	犬	スル	為る	動詞	20	6.31	0.0230	0.0001	1.13	871	299560	と:8 は:8 が:2 を:2
ウデ	腕	クム	組む	動詞	20	6.31	0.0217	0.0418	8.87	920	478	を:17 は:2 も:1
アタマ	頭	ワレル	割れる	動詞	20	6.31	0.0062	0.1136	7.59	3214	176	が:18 も:1 は:1
ネコ	猫	イル	居る	動詞	20	6.31	0.0585	0.0008	4.64	342	25937	が:12 は:3 も:3 ∅:2
イヌ	犬	チイサイ	小さい	形容詞	20	6.31	0.0230	0.0177	8.35	871	1132	ADJ:20
キ	気	ノル	乗る	動詞	19	5.99	0.0012	0.0061	5.09	15230	3097	が:18 は:1
チ	血	ワケル	分ける	動詞	19	5.99	0.0121	0.0918	8.45	1570	207	を:19
コエ	声	ワカル	分かる	動詞	19	5.99	0.0115	0.0020	5.82	1656	9368	が:9 で:4 は:3 から:1
ユビ	指	キル	切る	動詞	19	5.99	0.0428	0.0101	8.06	444	1884	を:16 ∅:1 も:1 が:1
ウデ	腕	スル	為る	動詞	19	5.99	0.0207	0.0001	1.05	920	299560	∅:8 は:6 を:5
テ	手	タリル	足りる	動詞	19	5.99	0.0019	0.0426	5.88	10122	446	が:14 は:5
シタ	舌	キル	切る	動詞	19	5.99	0.0922	0.0101	8.22	206	1884	を:19
コエ	声	タカイ	高い	形容詞	19	5.99	0.0115	0.0103	7.47	1656	1846	が:10 ADJ:5 ∅:4
テ	手	トリアウ	取り合う	動詞	19	5.99	0.0019	0.2317	5.93	10122	82	を:19
アタマ	頭	マワル	回る	動詞	19	5.99	0.0059	0.0321	7.35	3214	591	が:15 を:2 ∅:1 で:1
コエ	声	デカイ	でかい	形容詞	19	5.99	0.0115	0.0253	8.01	1656	752	が:9 ADJ:6 ∅:3 も:1
アタマ	頭	モツ	持つ	動詞	19	5.99	0.0059	0.0014	5.23	3214	13419	を:19
ホネ	骨	アル	有る	動詞	19	5.99	0.0518	0.0003	3.33	367	61681	が:15 も:3 に:1
キ	気	マギレル	紛れる	動詞	19	5.99	0.0012	0.2500	5.35	15230	76	が:17 は:1 も:1
カゼ	風	ノル	乗る	動詞	19	5.99	0.0466	0.0061	7.47	408	3097	に:19
キ	気	モツ	持つ	動詞	19	5.99	0.0012	0.0014	4.44	15230	13419	を:18 ∅:1
ミチ	道	ソレル	逸れる	動詞	19	5.99	0.0078	0.2754	7.96	2438	69	を:10 から:8 へ:1
ミミ	耳	トオイ	遠い	形容詞	19	5.99	0.0184	0.0390	8.68	1034	487	が:16 は:3
ヒ	火	タク	焚く	動詞	19	5.99	0.0192	0.4419	9.23	991	43	を:19
ムネ	胸	ハル	張る	動詞	19	5.99	0.0438	0.0540	9.63	434	352	を:17 ∅:2
ネコ	猫	カウ	飼う	動詞	19	5.99	0.0556	0.0872	10.12	342	218	を:12 ∅:4 は:3
イノチ	命	アズケル	預ける	動詞	19	5.99	0.0071	0.1056	7.77	2670	180	を:15 ∅:3 は:1
アシ	足	キル	切る	動詞	19	5.99	0.0144	0.0101	7.60	1320	1884	を:18 も:1
ハナ	鼻	スル	為る	動詞	19	5.99	0.0473	0.0001	1.05	402	299560	を:11 が:5 は:2 ∅:1
ハナ	鼻	タカイ	高い	形容詞	19	5.99	0.0473	0.0103	8.11	402	1846	が:16 ∅:3
アシ	足	ヒキズル	引き摺る	動詞	19	5.99	0.0144	0.0823	8.65	1320	231	を:19
カオ	顔	ワカル	分かる	動詞	19	5.99	0.0063	0.0020	5.65	3003	9368	が:11 は:6 を:1 も:1
カオ	顔	ウツ	打つ	動詞	19	5.99	0.0063	0.0064	6.70	3003	2986	を:14 は:5
シタ	舌	キリトル	切り取る	動詞	19	5.99	0.0922	0.1827	10.97	206	104	を:18 は:1
シンゾウ	心臓	ツラヌク	貫く	動詞	19	5.99	0.0375	0.1508	9.94	507	126	を:19
ミ	身	スル	為る	動詞	19	5.99	0.0151	0.0001	1.05	1260	299560	に:11 と:7 ∅:1
テ	手	ウシナウ	失う	動詞	19	5.99	0.0019	0.0064	5.57	10122	2976	を:19
ニク	肉	クウ	食う	動詞	18	5.68	0.0526	0.0185	8.81	342	972	を:13 は:2 ∅:2 が:1
カミ	髪	スル	為る	動詞	18	5.68	0.0292	0.0001	0.97	616	299560	を:7 ∅:6 は:4 に:1
コエ	声	チイサイ	小さい	形容詞	18	5.68	0.0109	0.0159	7.72	1656	1132	を:8 が:5 ADJ:4 ∅:1
ミミ	耳	ヨイ	良い	形容詞	18	5.68	0.0174	0.0005	4.05	1034	34642	が:7 ADJ:6 は:3 も:2
ハナ	鼻	オル	折る	動詞	18	5.68	0.0448	0.0636	9.75	402	283	を:18
チ	血	トル	取る	動詞	18	5.68	0.0115	0.0022	5.90	1570	8305	を:17 も:1
カタ	肩	モツ	持つ	動詞	18	5.68	0.0837	0.0013	5.44	215	13419	を:15 に:1 も:1 ∅:1
クチ	口	アウ	合う	動詞	18	5.68	0.0091	0.0217	7.72	1970	830	に:17 が:1
ナミダ	涙	フク	拭く	動詞	18	5.68	0.0711	0.0984	10.40	253	183	を:17 ∅/サ変:1
チ	血	ヨゴレル	汚れる	動詞	18	5.68	0.0115	0.1607	8.45	1570	112	で:16 が:1 に:1
カラダ	体	ウゴク	動く	動詞	18	5.68	0.0166	0.0140	7.96	1082	1283	が:9 は:5 ∅:2 を:1
テ	手	ハナレル	離れる	動詞	18	5.68	0.0018	0.0098	5.62	10122	1837	を:14 から:4
チ	血	ナイ	無い	形容詞	18	5.68	0.0115	0.0003	3.32	1570	57619	ADJ:7 が:5 も:3 は:3
カラダ	体	ナル	成る	動詞	18	5.68	0.0166	0.0006	4.33	1082	28283	に:12 が:4 は:2
ミチ	道	フミハズス	踏み外す	動詞	18	5.68	0.0074	0.5625	7.90	2438	32	を:17 も:1
アタマ	頭	ノセル	乗せる	動詞	18	5.68	0.0056	0.0213	7.18	3214	846	に:15 を:3
テ	手	コロス	殺す	動詞	18	5.68	0.0018	0.0022	5.01	10122	8139	で:17 を:1
クチ	口	ワレル	割れる	動詞	18	5.68	0.0091	0.1023	8.10	1970	176	を:18
カミ	髪	アカイ	赤い	形容詞	18	5.68	0.0292	0.0222	8.69	616	809	ADJ:16 ∅:1 が:1
テ	手	コマヌク	拱く	動詞	18	5.68	0.0018	1.0000	5.86	10122	18	を:18
アタマ	頭	ヨギル	過る	動詞	18	5.68	0.0056	0.6000	7.51	3214	30	を:15 に:3
カミ	髪	トカス	溶かす	動詞	18	5.68	0.0292	0.1782	9.68	616	101	を:18
テ	手	アマル	余る	動詞	18	5.68	0.0018	0.3051	5.86	10122	59	に:18
テ	手	ツク	付く	動詞	18	5.68	0.0018	0.0047	5.40	10122	3853	に:9 ∅:5 を:2 が:2
イキ	息	ツク	吐く	動詞	18	5.68	0.0180	0.0359	8.62	1001	501	を:17 ∅:1
ウデ	腕	アル	有る	動詞	18	5.68	0.0196	0.0003	3.24	920	61681	が:11 に:4 は:2 も:1
コシ	腰	ヌケル	抜ける	動詞	18	5.68	0.1208	0.0330	9.73	149	545	∅:16 が:2
ミズ	水	ヨイ	良い	形容詞	17	5.36	0.0116	0.0005	3.95	1461	34642	で:11 ADJ:4 が:1 を:1
イキ	息	ヒキトル	引き取る	動詞	17	5.36	0.0170	0.1932	9.00	1001	88	を:17
カラダ	体	スル	為る	動詞	17	5.36	0.0157	0.0001	0.89	1082	299560	∅:11 に:3 を:3
ココロ	心	キズツケル	傷付ける	動詞	17	5.36	0.0072	0.0277	7.55	2369	613	を:16 が:1
キ	気	トメル	止める	動詞	17	5.36	0.0011	0.0063	4.96	15230	2683	に:16 を:1
ココロ	心	コワス	壊す	動詞	17	5.36	0.0072	0.0188	7.41	2369	903	を:12 は:3 が:2
ミチ	道	ワルイ	悪い	形容詞	17	5.36	0.0070	0.0024	5.87	2438	7066	ADJ:11 が:6
カラダ	体	アラウ	洗う	動詞	17	5.36	0.0157	0.0449	8.57	1082	379	を:17
ウデ	腕	ミル	見る	動詞	17	5.36	0.0185	0.0009	4.88	920	17999	を:17
アタマ	頭	ソル	剃る	動詞	17	5.36	0.0053	0.1371	7.38	3214	124	を:16 は:1
ウマ	馬	オリル	下りる	動詞	17	5.36	0.0253	0.0161	8.33	672	1056	を:10 から:6 も:1
カラダ	体	ウゴカス	動かす	動詞	17	5.36	0.0157	0.0339	8.46	1082	501	を:15 は:1 ∅:1
コエ	声	デル	出る	動詞	17	5.36	0.0103	0.0019	5.70	1656	9088	が:12 ∅:2 も:1 に:1
アシモト	足元	ミル	見る	動詞	17	5.36	0.1977	0.0009	4.94	86	17999	を:13 ∅:4
タイ	体	イル	居る	動詞	17	5.36	0.0817	0.0007	4.41	208	25937	∅:8 が:4 は:2 も:2
クビ	首	トブ	飛ぶ	動詞	17	5.36	0.0109	0.0197	7.85	1560	862	が:16 は:1
セン	線	アル	有る	動詞	17	5.36	0.0762	0.0003	3.17	223	61681	が:10 も:5 に:1 は:1
テ	手	ヤク	焼く	動詞	17	5.36	0.0017	0.0328	5.71	10122	518	を:17
テ	手	サワル	触る	動詞	17	5.36	0.0017	0.0395	5.72	10122	430	で:14 を:2 ∅:1
キ	気	ヒキシメル	引き締める	動詞	17	5.36	0.0011	0.5862	5.19	15230	29	を:17
テ	手	スベル	滑る	動詞	17	5.36	0.0017	0.1478	5.77	10122	115	が:16 を:1
ユビ	指	イレル	入れる	動詞	17	5.36	0.0383	0.0028	6.40	444	6156	を:14 ∅:2 は:1
ココロ	心	キク	聞く	動詞	17	5.36	0.0072	0.0016	5.46	2369	10329	を:9 に:5 で:2 が:1
テ	手	ウゴク	動く	動詞	17	5.36	0.0017	0.0133	5.61	10122	1283	を:9 が:6 は:1 も:1
シンゾウ	心臓	ウゴク	動く	動詞	17	5.36	0.0335	0.0133	8.28	507	1283	は:8 が:6 も:2 ∅:1
セン	線	ヒク	引く	動詞	17	5.36	0.0762	0.0119	8.40	223	1423	を:15 ∅:1 が:1
イノチ	命	ダイジ	大事	形状詞	17	5.36	0.0064	0.0272	7.40	2670	625	を:9 が:8
メ	目	ミヒラク	見開く	動詞	17	5.36	0.0028	1.0000	6.50	6129	17	を:13 は:4
チ	血	マミレル	塗れる	動詞	17	5.36	0.0108	0.2656	8.41	1570	64	に:13 で:4
イノチ	命	ナゲダス	投げ出す	動詞	17	5.36	0.0064	0.1977	7.66	2670	86	を:12 も:4 は:1
メ	目	ツライ	辛い	形容詞	17	5.36	0.0028	0.0271	6.37	6129	627	ADJ:17
ミ	身	マトウ	纏う	動詞	17	5.36	0.0135	0.2073	8.70	1260	82	に:15 を:2
ユビ	指	ミル	見る	動詞	17	5.36	0.0383	0.0009	4.92	444	17999	を:15 ∅:1 と:1
イノチ	命	トスル	賭する	動詞	17	5.36	0.0064	0.7391	7.69	2670	23	を:17
アシ	足	ウシナウ	失う	動詞	17	5.36	0.0129	0.0057	7.02	1320	2976	を:16 は:1
ユビ	指	オル	折る	動詞	17	5.36	0.0383	0.0601	9.58	444	283	を:16 も:1
ココロ	心	ミタス	満たす	動詞	17	5.36	0.0072	0.0588	7.71	2369	289	を:11 が:4 は:2
イキ	息	トマル	止まる	動詞	17	5.36	0.0170	0.0190	8.20	1001	893	が:15 は:1 も:1
テ	手	キリオトス	切り落とす	動詞	17	5.36	0.0017	0.1043	5.76	10122	163	を:17
ミズ	水	ナガレル	流れる	動詞	16	5.05	0.0110	0.0451	8.17	1461	355	が:10 と:6
テ	手	トメル	止める	動詞	16	5.05	0.0016	0.0060	5.36	10122	2683	を:16
アシ	足	フム	踏む	動詞	16	5.05	0.0121	0.0640	8.38	1320	250	を:11 ∅:4 で:1
ハラ	腹	ククル	括る	動詞	16	5.05	0.0197	0.3404	9.25	814	47	を:12 ∅:4
イヌ	犬	スキ	好き	形状詞	16	5.05	0.0184	0.0044	6.85	871	3663	が:10 は:6
ミチ	道	ハナレル	離れる	動詞	16	5.05	0.0066	0.0087	6.94	2438	1837	から:14 を:2
メ	目	アブナイ	危ない	形容詞	16	5.05	0.0026	0.0410	6.33	6129	390	ADJ:16
キ	気	オコス	起こす	動詞	16	5.05	0.0011	0.0100	4.96	15230	1595	を:11 は:3 ∅:2
アタマ	頭	タタキコム	叩き込む	動詞	16	5.05	0.0050	0.3333	7.33	3214	48	に:16
ハナ	鼻	キク	利く	動詞	16	5.05	0.0398	0.0259	9.01	402	618	が:12 を:4
テ	手	マワル	回る	動詞	16	5.05	0.0016	0.0271	5.61	10122	591	が:16
ミ	身	ヤク	焼く	動詞	16	5.05	0.0127	0.0309	8.20	1260	518	を:15 が:1
クギ	釘	ウツ	打つ	動詞	16	5.05	0.1951	0.0054	7.42	82	2986	を:11 で:3 は:2
ココロ	心	コメル	込める	動詞	16	5.05	0.0068	0.0714	7.66	2369	224	を:16
ナミダ	涙	ナイ	無い	形容詞	16	5.05	0.0632	0.0003	3.18	253	57619	も:9 は:6 が:1
アシ	足	ノバス	伸ばす	動詞	16	5.05	0.0121	0.0505	8.32	1320	317	を:13 が:2 ∅:1
キ	気	モム	揉む	動詞	16	5.05	0.0011	0.3200	5.10	15230	50	を:16
カオ	顔	キル	切る	動詞	16	5.05	0.0053	0.0085	6.75	3003	1884	を:16
メ	目	アザムク	欺く	動詞	16	5.05	0.0026	0.2051	6.40	6129	78	を:14 も:1 は:1
サカナ	魚	タベル	食べる	動詞	16	5.05	0.0580	0.0065	7.57	276	2478	を:7 ∅:4 は:2 が:2
メ	目	カガヤク	輝く	動詞	16	5.05	0.0026	0.0851	6.37	6129	188	が:7 は:6 を:3
メ	目	カケル	掛ける	動詞	16	5.05	0.0026	0.0035	5.62	6129	4568	を:15 に:1
ウマ	馬	イル	居る	動詞	16	5.05	0.0238	0.0006	4.30	672	25937	が:10 は:4 も:2
カゼ	風	アタル	当たる	動詞	16	5.05	0.0392	0.0220	8.85	408	728	に:16
ミチ	道	ミウシナウ	見失う	動詞	16	5.05	0.0066	0.0569	7.59	2438	281	を:14 も:1 ∅:1
クチ	口	ツグム	噤む	動詞	16	5.05	0.0081	1.0000	8.04	1970	16	を:15 は:1
ミズ	水	イタダク	頂く	動詞	16	5.05	0.0110	0.0210	7.88	1461	761	を:15 が:1
ココロ	心	ウゴカス	動かす	動詞	16	5.05	0.0068	0.0319	7.51	2369	501	を:13 は:2 ∅/サ変:1
ミチ	道	アヤマル	誤る	動詞	16	5.05	0.0066	0.1468	7.69	2438	109	を:16
ムネ	胸	ハリサケル	張り裂ける	動詞	16	5.05	0.0369	0.8000	10.17	434	20	が:16
キ	気	ナサル	為さる	動詞	16	5.05	0.0011	0.0039	4.76	15230	4100	に:16
チ	血	モトメル	求める	動詞	16	5.05	0.0102	0.0101	7.38	1570	1581	を:16
クビ	首	オレル	折れる	動詞	16	5.05	0.0103	0.0808	8.22	1560	198	が:15 まで:1
メ	目	オオキイ	大きい	形容詞	16	5.05	0.0026	0.0142	6.18	6129	1124	が:8 は:4 を:2 ADJ:2
テ	手	ソメル	染める	動詞	16	5.05	0.0016	0.2319	5.68	10122	69	を:15 に:1
ムネ	胸	カエル	返る	動詞	16	5.05	0.0369	0.0043	6.97	434	3754	に:16
クギ	釘	サス	差す	動詞	16	5.05	0.1951	0.0212	9.29	82	754	を:14 ∅:1 が:1
アタマ	頭	カチワル	搗ち割る	動詞	16	5.05	0.0050	0.8889	7.34	3214	18	を:13 ∅:3
カラダ	体	アル	有る	動詞	16	5.05	0.0148	0.0003	3.06	1082	61681	が:8 に:7 は:1
アタマ	頭	ヒクイ	低い	形容詞	16	5.05	0.0050	0.0440	7.20	3214	364	を:14 は:2
イノチ	命	シル	知る	動詞	16	5.05	0.0060	0.0012	5.02	2670	13505	∅:16
アタマ	頭	ツブス	潰す	動詞	16	5.05	0.0050	0.0405	7.18	3214	395	を:16
メ	目	チガウ	違う	動詞	15	4.73	0.0024	0.0063	5.85	6129	2378	と:7 が:4 は:3 ∅:1
ヤマ	山	デカイ	でかい	形容詞	15	4.73	0.0323	0.0199	8.66	465	752	ADJ:15
キ	気	ヌケル	抜ける	動詞	15	4.73	0.0010	0.0275	4.96	15230	545	が:8 を:5 ∅:1 で:1
イノチ	命	タイセツ	大切	形状詞	15	4.73	0.0056	0.0325	7.29	2670	462	を:10 が:2 は:2 も:1
ココロ	心	カンズル	感ずる	動詞	15	4.73	0.0063	0.0079	6.85	2369	1898	で:6 に:4 を:3 が:2
ミズ	水	カケル	掛ける	動詞	15	4.73	0.0103	0.0033	6.35	1461	4568	を:10 ∅:5
アシ	足	フミナラス	踏み鳴らす	動詞	15	4.73	0.0114	0.9375	8.52	1320	16	∅:10 を:5
ミ	身	シミル	染みる	動詞	15	4.73	0.0119	0.2941	8.55	1260	51	に:15
テ	手	ムスブ	結ぶ	動詞	15	4.73	0.0015	0.0402	5.55	10122	373	を:14 で:1
ムネ	胸	オドル	踊る	動詞	15	4.73	0.0346	0.0399	9.25	434	376	∅:7 が:6 を:2
ミ	身	ホロボス	滅ぼす	動詞	15	4.73	0.0119	0.1064	8.45	1260	141	を:15
シンゾウ	心臓	ウツ	打つ	動詞	15	4.73	0.0296	0.0050	7.14	507	2986	を:11 に:4
カラダ	体	ウル	売る	動詞	15	4.73	0.0139	0.0115	7.68	1082	1309	を:13 ∅:1 は:1
テ	手	デル	出る	動詞	15	4.73	0.0015	0.0017	4.68	10122	9088	が:11 に:2 は:1 ∅:1
ココロ	心	キマル	決まる	動詞	15	4.73	0.0063	0.0258	7.38	2369	581	は:11 が:4
アシ	足	スル	為る	動詞	15	4.73	0.0114	0.0001	0.71	1320	299560	が:4 を:4 は:4 ∅:3
テ	手	フルイ	古い	形容詞	15	4.73	0.0015	0.0090	5.38	10122	1670	ADJ:14 で:1
ウデ	腕	タシカ	確か	形状詞	15	4.73	0.0163	0.0389	8.56	920	386	は:15
ウマ	馬	ミル	見る	動詞	15	4.73	0.0223	0.0008	4.72	672	17999	を:14 が:1
ミ	身	ツク	付く	動詞	15	4.73	0.0119	0.0039	6.59	1260	3853	に:15
ココロ	心	ミル	見る	動詞	15	4.73	0.0063	0.0008	4.59	2369	17999	で:8 を:5 から:1 も:1
ヒザ	膝	ウツ	打つ	動詞	15	4.73	0.0472	0.0050	7.22	318	2986	を:14 ∅:1
ハ	歯	ミセル	見せる	動詞	15	4.73	0.0334	0.0054	7.25	449	2778	を:15
チ	血	トマル	止まる	動詞	15	4.73	0.0096	0.0168	7.64	1570	893	が:12 は:2 ∅:1
ヤマ	山	タカイ	高い	形容詞	15	4.73	0.0323	0.0081	7.73	465	1846	ADJ:14 は:1
ウデ	腕	キル	切る	動詞	15	4.73	0.0163	0.0080	7.45	920	1884	を:15
ウマ	馬	アウ	合う	動詞	15	4.73	0.0223	0.0181	8.35	672	830	が:15
カオ	顔	ウカブ	浮かぶ	動詞	15	4.73	0.0050	0.0487	7.21	3003	308	が:12 も:1 を:1 に:1
ナミダ	涙	スル	為る	動詞	15	4.73	0.0593	0.0001	0.71	253	299560	∅/サ変:14 は:1
テ	手	アク	空く	動詞	15	4.73	0.0015	0.0346	5.54	10122	434	が:15
アシ	足	ハコブ	運ぶ	動詞	15	4.73	0.0114	0.0144	7.70	1320	1042	を:15
ココロ	心	ワカル	分かる	動詞	15	4.73	0.0063	0.0016	5.39	2369	9368	が:6 は:4 を:3 で:2
カタ	肩	ナラベル	並べる	動詞	15	4.73	0.0698	0.1181	10.49	215	127	を:15
アタマ	頭	ハタラク	働く	動詞	15	4.73	0.0047	0.0070	6.52	3214	2145	を:8 が:5 は:2
ミズ	水	アタエル	与える	動詞	15	4.73	0.0103	0.0043	6.64	1461	3459	を:14 も:1
メ	目	ツカウ	使う	動詞	15	4.73	0.0024	0.0024	5.31	6129	6269	を:14 は:1
ハ	歯	オル	折る	動詞	15	4.73	0.0334	0.0530	9.39	449	283	を:15
ヒ	火	ハコブ	運ぶ	動詞	15	4.73	0.0151	0.0144	7.92	991	1042	を:15
シンゾウ	心臓	カエス	返す	動詞	15	4.73	0.0296	0.0101	7.94	507	1490	を:15
ミミ	耳	スマス	澄ます	動詞	14	4.42	0.0135	0.8750	8.77	1034	16	を:14
カラダ	体	ミル	見る	動詞	14	4.42	0.0129	0.0008	4.59	1082	17999	を:10 も:2 ∅:1 に:1
ウマ	馬	ヨイ	良い	形容詞	14	4.42	0.0208	0.0004	3.70	672	34642	ADJ:13 が:1
コエ	声	イウ	言う	動詞	14	4.42	0.0085	0.0008	4.64	1656	16684	で:10 が:4
ミ	身	ユダネル	委ねる	動詞	14	4.42	0.0111	0.1228	8.38	1260	114	を:14
コエ	声	オサエル	押さえる	動詞	14	4.42	0.0085	0.0237	7.67	1656	590	を:13 は:1
ユビ	指	クワエル	銜える	動詞	14	4.42	0.0315	0.2979	9.87	444	47	を:9 ∅:5
ココロ	心	シズメル	静める	動詞	14	4.42	0.0059	0.1944	7.55	2369	72	を:13 も:1
メ	目	ウツル	映る	動詞	14	4.42	0.0023	0.0686	6.18	6129	204	に:14
アブラ	油	サス	差す	動詞	14	4.42	0.1609	0.0186	9.09	87	754	を:13 も:1
ノド	喉	サク	裂く	動詞	14	4.42	0.0221	0.1022	9.22	633	137	を:13 は:1
アタマ	頭	ダイジョウブ	大丈夫	形状詞	14	4.42	0.0044	0.0109	6.67	3214	1279	は:8 ∅:6
チ	血	ウケツグ	受け継ぐ	動詞	14	4.42	0.0089	0.1094	8.08	1570	128	を:13 は:1
コシ	腰	ヌカス	抜かす	動詞	14	4.42	0.0940	0.2800	11.17	149	50	を:10 ∅:4
アシ	足	アル	有る	動詞	14	4.42	0.0106	0.0002	2.86	1320	61681	が:9 は:3 に:2
キ	気	ヤスマル	休まる	動詞	14	4.42	0.0009	0.5000	4.91	15230	28	が:13 も:1
アシ	足	ツケル	付ける	動詞	14	4.42	0.0106	0.0018	5.64	1320	7892	を:10 に:3 ∅:1
チ	血	アカイ	赤い	形容詞	14	4.42	0.0089	0.0173	7.59	1570	809	ADJ:7 で:4 が:1 は:1
ウマ	馬	ナイ	無い	形容詞	14	4.42	0.0208	0.0002	2.98	672	57619	ADJ:7 も:4 は:2 が:1
チ	血	ヨゴス	汚す	動詞	14	4.42	0.0089	0.0534	7.97	1570	262	で:14
メ	目	ウタガウ	疑う	動詞	14	4.42	0.0023	0.0380	6.14	6129	368	を:14
メ	目	ウバウ	奪う	動詞	14	4.42	0.0023	0.0094	5.91	6129	1496	を:10 は:2 まで:1 も:1
クビ	首	ホシイ	欲しい	形容詞	14	4.42	0.0090	0.0038	6.44	1560	3725	が:8 を:6
アタマ	頭	カンガエル	考える	動詞	14	4.42	0.0044	0.0039	6.07	3214	3618	で:14
サカナ	魚	ミタイ	みたい	形状詞	14	4.42	0.0507	0.0027	6.38	276	5251	∅:14
セン	線	ヨイ	良い	形容詞	14	4.42	0.0628	0.0004	3.72	223	34642	ADJ:14
クチ	口	ウマイ	旨い	形容詞	14	4.42	0.0071	0.0084	6.98	1970	1674	が:14
ミチ	道	ウシナウ	失う	動詞	14	4.42	0.0057	0.0047	6.40	2438	2976	を:13 は:1
カオ	顔	クライ	暗い	形容詞	14	4.42	0.0047	0.0273	7.03	3003	512	ADJ:14
イヌ	犬	タベル	食べる	動詞	14	4.42	0.0161	0.0056	7.10	871	2478	に:4 は:4 が:3 を:3
コエ	声	アル	有る	動詞	14	4.42	0.0085	0.0002	2.86	1656	61681	も:8 が:5 に:1
イキ	息	キラス	切らす	動詞	14	4.42	0.0140	0.2545	8.76	1001	55	を:14
カオ	顔	カナシイ	悲しい	形容詞	14	4.42	0.0047	0.0328	7.06	3003	427	ADJ:13 が:1
ココロ	心	キザム	刻む	動詞	14	4.42	0.0059	0.1000	7.51	2369	140	に:14
チ	血	アル	有る	動詞	14	4.42	0.0089	0.0002	2.86	1570	61681	が:11 も:3
シリ	尻	タタク	叩く	動詞	14	4.42	0.0657	0.0260	9.25	213	539	を:12 ∅:2
ウデ	腕	キリオトス	切り落とす	動詞	14	4.42	0.0152	0.0859	8.73	920	163	を:13 が:1
クチ	口	ミツケル	見付ける	動詞	14	4.42	0.0071	0.0021	5.72	1970	6717	を:14
アシ	足	ナクス	無くす	動詞	14	4.42	0.0106	0.0250	7.93	1320	560	を:13 も:1
タマシイ	魂	ウバウ	奪う	動詞	14	4.42	0.0242	0.0094	7.79	579	1496	を:13 まで:1
メ	目	クロイ	黒い	形容詞	14	4.42	0.0023	0.0257	6.10	6129	544	が:7 ADJ:7
タイ	体	アル	有る	動詞	14	4.42	0.0673	0.0002	2.89	208	61681	が:10 は:3 ∅:1
カゼ	風	ツメタイ	冷たい	形容詞	14	4.42	0.0343	0.0442	9.31	408	317	ADJ:14
テ	手	モドル	戻る	動詞	13	4.10	0.0013	0.0019	4.64	10122	6921	に:12 で:1
コエ	声	アガル	上がる	動詞	13	4.10	0.0079	0.0141	7.37	1656	921	が:8 も:5
アタマ	頭	クルウ	狂う	動詞	13	4.10	0.0040	0.0236	6.82	3214	550	が:12 ∅:1
チ	血	ホシイ	欲しい	形容詞	13	4.10	0.0083	0.0035	6.33	1570	3725	が:8 を:5
アタマ	頭	ツケル	付ける	動詞	13	4.10	0.0040	0.0016	5.26	3214	7892	に:7 を:6
メ	目	クモル	曇る	動詞	13	4.10	0.0021	0.2281	6.11	6129	57	が:11 は:2
ユビ	指	キリオトス	切り落とす	動詞	13	4.10	0.0293	0.0798	9.45	444	163	を:13
アタマ	頭	ツヨイ	強い	形容詞	13	4.10	0.0040	0.0072	6.41	3214	1799	を:11 ∅:1 が:1
ヒ	火	アル	有る	動詞	13	4.10	0.0131	0.0002	2.76	991	61681	が:6 ∅:4 は:3
ココロ	心	ヒビク	響く	動詞	13	4.10	0.0055	0.1548	7.44	2369	84	に:13
アタマ	頭	ヤル	遣る	動詞	13	4.10	0.0040	0.0012	4.96	3214	10519	を:7 も:2 が:2 から:1
メ	目	アワス	合わす	動詞	13	4.10	0.0021	0.2708	6.11	6129	48	に:8 を:4 も:1
カラダ	体	アタタメル	温める	動詞	13	4.10	0.0120	0.1250	8.49	1082	104	を:13
クビ	首	イタイ	痛い	形容詞	13	4.10	0.0083	0.0212	7.62	1560	612	が:11 ADJ:1 ∅:1
アタマ	頭	ミル	見る	動詞	13	4.10	0.0040	0.0007	4.33	3214	17999	を:9 ∅:3 から:1
シンゾウ	心臓	モツ	持つ	動詞	13	4.10	0.0256	0.0010	4.93	507	13419	を:10 が:2 ∅:1
セン	線	イク	行く	動詞	13	4.10	0.0583	0.0008	4.71	223	16107	∅:4 で:3 を:3 まで:3
ノド	喉	カラカラ	からから	形状詞	13	4.10	0.0205	0.6842	9.35	633	19	が:11 は:1 ∅:1
ミチ	道	ワタル	渡る	動詞	13	4.10	0.0053	0.0179	7.07	2438	726	を:13
アシ	足	ヒロゲル	広げる	動詞	13	4.10	0.0098	0.0463	8.06	1320	281	を:12 も:1
カラダ	体	ナイ	無い	形容詞	13	4.10	0.0120	0.0002	2.86	1082	57619	ADJ:9 が:3 は:1
クビ	首	ウツ	打つ	動詞	13	4.10	0.0083	0.0044	6.55	1560	2986	を:12 に:1
アシ	足	ミセル	見せる	動詞	13	4.10	0.0098	0.0047	6.70	1320	2778	を:13
セン	線	コエル	越える	動詞	13	4.10	0.0583	0.0112	8.27	223	1157	を:13
ヒ	火	ミル	見る	動詞	13	4.10	0.0131	0.0007	4.49	991	17999	を:13
ココロ	心	トザス	閉ざす	動詞	13	4.10	0.0055	0.1757	7.45	2369	74	を:13
クビ	首	カカル	掛かる	動詞	13	4.10	0.0083	0.0042	6.52	1560	3090	に:7 が:6
カラダ	体	オコス	起こす	動詞	13	4.10	0.0120	0.0082	7.31	1082	1595	を:12 ∅:1
アタマ	頭	ダス	出す	動詞	13	4.10	0.0040	0.0027	5.73	3214	4808	を:9 ∅:2 から:2
ゴマ	胡麻	スル	為る	動詞	13	4.10	0.6500	0.0000	0.51	20	299560	を:8 ∅:5
テ	手	シバル	縛る	動詞	13	4.10	0.0013	0.0551	5.36	10122	236	を:10 が:2 は:1
メ	目	ナガイ	長い	形容詞	13	4.10	0.0021	0.0051	5.62	6129	2540	ADJ:12 ∅:1
カオ	顔	カク	書く	動詞	13	4.10	0.0043	0.0060	6.36	3003	2174	に:13
ユビ	指	サス	差す	動詞	13	4.10	0.0293	0.0172	8.47	444	754	を:8 で:3 に:2
ハダ	肌	ヤワラカイ	柔らかい	形容詞	13	4.10	0.0942	0.1171	10.74	138	111	ADJ:11 は:2
ネコ	猫	コロス	殺す	動詞	13	4.10	0.0380	0.0016	5.65	342	8139	を:9 に:2 が:2
トリ	鳥	スキ	好き	形状詞	13	4.10	0.0378	0.0035	6.73	344	3663	は:7 ∅:4 が:2
テ	手	ツメタイ	冷たい	形容詞	13	4.10	0.0013	0.0410	5.35	10122	317	が:6 ADJ:4 は:2 ∅:1
ハナ	鼻	ツク	付く	動詞	13	4.10	0.0323	0.0034	6.65	402	3853	に:11 が:2
カオ	顔	ツケル	付ける	動詞	13	4.10	0.0043	0.0016	5.29	3003	7892	を:11 に:2
ウデ	腕	ナイ	無い	形容詞	13	4.10	0.0141	0.0002	2.86	920	57619	が:5 ADJ:5 は:2 も:1
ミチ	道	マチガウ	間違う	動詞	13	4.10	0.0053	0.0250	7.17	2438	521	を:13
クチ	口	デカイ	でかい	形容詞	13	4.10	0.0066	0.0173	7.29	1970	752	ADJ:11 が:2
カゼ	風	マチワビル	待ち侘びる	動詞	13	4.10	0.0319	0.4062	9.92	408	32	を:13
ヒ	火	ウガツ	穿つ	動詞	13	4.10	0.0131	0.8125	8.72	991	16	を:13
ニク	肉	ヨイ	良い	形容詞	13	4.10	0.0380	0.0004	3.61	342	34642	ADJ:11 は:1 が:1
ココロ	心	カワル	変わる	動詞	13	4.10	0.0055	0.0053	6.47	2369	2443	は:7 が:4 に:2
ココロ	心	イレカエル	入れ替える	動詞	13	4.10	0.0055	0.2453	7.46	2369	53	を:13
ヒザ	膝	マゲル	曲げる	動詞	13	4.10	0.0409	0.1585	10.06	318	82	を:13
クチ	口	タッシャ	達者	形状詞	13	4.10	0.0066	0.5417	7.74	1970	24	が:13
カオ	顔	ムケル	向ける	動詞	13	4.10	0.0043	0.0131	6.74	3003	994	に:6 を:6 ∅:1
テ	手	ヤル	遣る	動詞	13	4.10	0.0013	0.0012	4.37	10122	10519	で:8 を:5
ココロ	心	ウカブ	浮かぶ	動詞	13	4.10	0.0055	0.0422	7.31	2369	308	に:13
トリ	鳥	コロス	殺す	動詞	13	4.10	0.0378	0.0016	5.65	344	8139	を:11 ∅:1 が:1
ウマ	馬	スキ	好き	形状詞	13	4.10	0.0193	0.0035	6.62	672	3663	が:6 ∅:5 は:2
ユビ	指	ハイル	入る	動詞	13	4.10	0.0293	0.0015	5.54	444	8741	に:10 が:2 は:1
ムシ	虫	ヨイ	良い	形容詞	13	4.10	0.0788	0.0004	3.61	165	34642	∅:7 が:5 ADJ:1
ムシ	虫	イル	居る	動詞	13	4.10	0.0788	0.0005	4.03	165	25937	が:12 も:1
ツメ	爪	アル	有る	動詞	13	4.10	0.0730	0.0002	2.78	178	61681	が:12 に:1
トリ	鳥	ナル	成る	動詞	13	4.10	0.0378	0.0005	3.90	344	28283	に:13
チ	血	ツナガル	繋がる	動詞	13	4.10	0.0083	0.0181	7.54	1570	718	が:7 は:5 も:1
ヒ	火	アブル	炙る	動詞	13	4.10	0.0131	0.7222	8.72	991	18	で:13
チ	血	ソメル	染める	動詞	13	4.10	0.0083	0.1884	8.02	1570	69	で:7 に:6
コエ	声	ハナス	話す	動詞	12	3.79	0.0072	0.0018	5.53	1656	6844	で:11 と:1
イヌ	犬	サガス	探す	動詞	12	3.79	0.0138	0.0025	6.12	871	4773	を:11 が:1
イヌ	犬	ヤル	遣る	動詞	12	3.79	0.0138	0.0011	5.11	871	10519	に:6 が:2 も:1 を:1
クチ	口	ナイ	無い	形容詞	12	3.79	0.0061	0.0002	2.72	1970	57619	ADJ:8 が:2 ∅:1 も:1
ムネ	胸	イタム	痛む	動詞	12	3.79	0.0276	0.0577	9.26	434	208	が:12
キ	気	カエル	変える	動詞	12	3.79	0.0008	0.0044	4.45	15230	2709	を:11 が:1
コシ	腰	スエル	据える	動詞	12	3.79	0.0805	0.3529	11.07	149	34	を:12
ノド	喉	イタイ	痛い	形容詞	12	3.79	0.0190	0.0196	8.30	633	612	が:10 ∅:1 を:1
カミ	髪	ソメル	染める	動詞	12	3.79	0.0195	0.1739	9.17	616	69	を:10 も:2
メ	目	マワル	回る	動詞	12	3.79	0.0020	0.0203	5.87	6129	591	が:12
ココロ	心	ユルス	許す	動詞	12	3.79	0.0051	0.0102	6.80	2369	1172	を:11 から:1
アシ	足	ツカム	掴む	動詞	12	3.79	0.0091	0.0118	7.39	1320	1021	を:12
チ	血	ハイル	入る	動詞	12	3.79	0.0076	0.0014	5.25	1570	8741	が:10 は:1 も:1
カミ	髪	アル	有る	動詞	12	3.79	0.0195	0.0002	2.66	616	61681	が:7 も:3 は:2
ハナ	鼻	アカス	明かす	動詞	12	3.79	0.0299	0.0612	9.36	402	196	を:12
アシ	足	ワルイ	悪い	形容詞	12	3.79	0.0091	0.0017	5.55	1320	7066	が:11 を:1
ココロ	心	ヤム	病む	動詞	12	3.79	0.0051	0.2105	7.34	2369	57	が:5 を:5 も:1 は:1
イキ	息	クサイ	臭い	形容詞	12	3.79	0.0120	0.0585	8.35	1001	205	が:4 は:3 ∅:3 ADJ:2
ムネ	胸	ワルイ	悪い	形容詞	12	3.79	0.0276	0.0017	5.71	434	7066	が:12
ミミ	耳	ササヤク	囁く	動詞	12	3.79	0.0116	0.1644	8.47	1034	73	に:9 で:2 へ:1
ミ	身	カガメル	屈める	動詞	12	3.79	0.0095	0.7500	8.27	1260	16	を:12
アシ	足	ネラウ	狙う	動詞	12	3.79	0.0091	0.0126	7.44	1320	950	を:12
テ	手	キレイ	奇麗	形状詞	12	3.79	0.0012	0.0211	5.20	10122	568	が:7 は:3 を:2
ミ	身	オク	置く	動詞	12	3.79	0.0095	0.0049	6.72	1260	2464	を:12
テ	手	サシダス	差し出す	動詞	12	3.79	0.0012	0.0916	5.26	10122	131	を:11 に:1
シンゾウ	心臓	ツキサス	突き刺す	動詞	12	3.79	0.0237	0.1017	9.30	507	118	を:8 に:4
カオ	顔	キク	利く	動詞	12	3.79	0.0040	0.0194	6.76	3003	618	が:9 を:3
アシ	足	ナイ	無い	形容詞	12	3.79	0.0091	0.0002	2.74	1320	57619	が:6 ADJ:5 ∅:1
ウマ	馬	ヌスム	盗む	動詞	12	3.79	0.0179	0.0062	7.23	672	1944	を:10 が:2
アゴ	顎	アゲル	上げる	動詞	12	3.79	0.1412	0.0046	7.19	85	2603	を:11 ∅:1
ココロ	心	シタガウ	従う	動詞	12	3.79	0.0051	0.0091	6.74	2369	1322	に:12
ミ	身	キレイ	奇麗	形状詞	12	3.79	0.0095	0.0211	7.75	1260	568	∅:12
カオ	顔	カワル	変わる	動詞	12	3.79	0.0040	0.0049	6.17	3003	2443	が:4 まで:4 ∅:2 に:2
ネコ	猫	ミル	見る	動詞	12	3.79	0.0351	0.0007	4.42	342	17999	∅:5 を:3 が:2 は:2
クチ	口	ツキコム	突き込む	動詞	12	3.79	0.0061	0.0395	7.43	1970	304	に:12
イヌ	犬	ホエル	吠える	動詞	12	3.79	0.0138	0.2927	8.75	871	41	が:5 に:3 は:3 を:1
コエ	声	ヒクイ	低い	形容詞	12	3.79	0.0072	0.0330	7.60	1656	364	ADJ:6 を:4 は:1 ∅:1
ミ	身	オキル	起きる	動詞	12	3.79	0.0095	0.0057	6.87	1260	2100	に:12
カラダ	体	アタラシイ	新しい	形容詞	12	3.79	0.0111	0.0023	5.97	1082	5178	ADJ:11 が:1
カタ	肩	クム	組む	動詞	12	3.79	0.0558	0.0251	9.15	215	478	を:12
カオ	顔	オガム	拝む	動詞	12	3.79	0.0040	0.3158	7.01	3003	38	を:12
イヌ	犬	ナル	成る	動詞	12	3.79	0.0138	0.0004	3.75	871	28283	に:11 は:1
アタマ	頭	タタク	叩く	動詞	12	3.79	0.0037	0.0223	6.71	3214	539	を:11 は:1
アタマ	頭	カタイ	固い	形容詞	12	3.79	0.0037	0.0367	6.80	3214	327	が:9 ∅:1 は:1 ADJ:1
ヤマ	山	イル	居る	動詞	12	3.79	0.0258	0.0005	3.90	465	25937	に:12
ニク	肉	キル	切る	動詞	12	3.79	0.0351	0.0064	7.46	342	1884	を:11 も:1
ココロ	心	セマイ	狭い	形容詞	12	3.79	0.0051	0.0553	7.25	2369	217	が:9 ADJ:2 は:1
ハナ	鼻	ススル	啜る	動詞	12	3.79	0.0299	0.3243	9.81	402	37	を:11 ∅:1
ムネ	胸	ヒラク	開く	動詞	12	3.79	0.0276	0.0070	7.51	434	1726	を:11 に:1
カオ	顔	ケル	蹴る	動詞	12	3.79	0.0040	0.0566	6.93	3003	212	を:11 ∅:1
キ	気	ミジカイ	短い	形容詞	12	3.79	0.0008	0.0349	4.66	15230	344	が:11 は:1
シンゾウ	心臓	タベル	食べる	動詞	12	3.79	0.0237	0.0048	7.04	507	2478	を:9 は:2 が:1
ココロ	心	オモウ	思う	動詞	12	3.79	0.0051	0.0037	6.14	2369	3215	から:8 に:3 で:1
タナ	棚	オク	置く	動詞	12	3.79	0.0863	0.0049	7.24	139	2464	に:12
ミ	身	トウズル	投ずる	動詞	12	3.79	0.0095	0.2927	8.24	1260	41	を:12
クビ	首	サス	差す	動詞	12	3.79	0.0077	0.0159	7.41	1560	754	を:11 に:1
ヒザ	膝	オル	折る	動詞	12	3.79	0.0377	0.0424	9.35	318	283	を:12
クモ	雲	ミル	見る	動詞	11	3.47	0.0880	0.0006	4.31	125	17999	を:8 が:2 ∅:1
ミミ	耳	キク	聞く	動詞	11	3.47	0.0106	0.0011	4.99	1034	10329	で:8 から:2 が:1
シリ	尻	ケトバス	蹴飛ばす	動詞	11	3.47	0.0516	0.1325	10.25	213	83	を:11
チ	血	モツ	持つ	動詞	11	3.47	0.0070	0.0008	4.59	1570	13419	を:10 で:1
カラダ	体	ヨワル	弱る	動詞	11	3.47	0.0102	0.1803	8.30	1082	61	が:5 は:3 も:2 を:1
ハナ	鼻	カム	噛む	動詞	11	3.47	0.0274	0.0336	8.95	402	327	を:10 ∅:1
カミ	髪	ヒッパル	引っ張る	動詞	11	3.47	0.0179	0.0397	8.66	616	277	を:11
ハナ	鼻	ホジル	穿る	動詞	11	3.47	0.0274	0.6875	9.75	402	16	を:10 ∅:1
シンゾウ	心臓	エグリダス	抉り出す	動詞	11	3.47	0.0217	0.2895	9.37	507	38	を:10 ∅:1
ミズ	水	コワイ	怖い	形容詞	11	3.47	0.0075	0.0091	7.08	1461	1209	が:9 を:2
ミズ	水	マク	撒く	動詞	11	3.47	0.0075	0.0748	7.81	1461	147	を:10 も:1
メ	目	サメル	冷める	動詞	11	3.47	0.0018	0.1183	5.86	6129	93	が:11
カオ	顔	フキトバス	吹き飛ばす	動詞	11	3.47	0.0037	0.0312	6.75	3003	353	を:11
ユビ	指	スル	為る	動詞	11	3.47	0.0248	0.0000	0.26	444	299560	を:4 は:2 で:2 が:2
ミチ	道	ツクル	作る	動詞	11	3.47	0.0045	0.0021	5.53	2438	5347	を:10 は:1
アシ	足	ヨイ	良い	形容詞	11	3.47	0.0083	0.0003	3.33	1320	34642	が:5 ADJ:4 も:2
ヒ	火	イレル	入れる	動詞	11	3.47	0.0111	0.0018	5.66	991	6156	を:11
ミミ	耳	アル	有る	動詞	11	3.47	0.0106	0.0002	2.52	1034	61681	が:7 は:2 に:1 も:1
ミミ	耳	ツケル	付ける	動詞	11	3.47	0.0106	0.0014	5.34	1034	7892	に:6 を:5
ムネ	胸	シマウ	仕舞う	動詞	11	3.47	0.0253	0.0556	9.16	434	198	に:11
アシ	脚	モツ	持つ	動詞	11	3.47	0.0524	0.0008	4.73	210	13419	を:10 ∅:1
ミズ	水	ナクナル	無くなる	動詞	11	3.47	0.0075	0.0105	7.17	1461	1048	が:9 も:1 は:1
シンゾウ	心臓	サス	差す	動詞	11	3.47	0.0217	0.0146	8.16	507	754	を:10 も:1
ココロ	心	オダヤカ	穏やか	形状詞	11	3.47	0.0046	0.1930	7.22	2369	57	は:6 を:5
ミズ	水	タノム	頼む	動詞	11	3.47	0.0075	0.0050	6.62	1461	2216	を:11
ウデ	腕	ミセル	見せる	動詞	11	3.47	0.0120	0.0040	6.61	920	2778	を:8 は:2 ∅:1
アタマ	頭	キル	切る	動詞	11	3.47	0.0034	0.0058	6.14	3214	1884	を:9 ∅:1 も:1
テ	手	ヒネル	捻る	動詞	11	3.47	0.0011	0.2500	5.15	10122	44	を:11
コエ	声	ヤサシイ	優しい	形容詞	11	3.47	0.0066	0.0197	7.35	1656	557	ADJ:9 は:2
ミ	身	オコル	起こる	動詞	11	3.47	0.0087	0.0079	7.08	1260	1400	に:10 ∅:1
シンケイ	神経	スル	為る	動詞	11	3.47	0.0887	0.0000	0.27	124	299560	∅:9 が:1 を:1
アブラ	油	ソソグ	注ぐ	動詞	11	3.47	0.1264	0.0629	10.43	87	175	を:11
イノチ	命	オビヤカス	脅かす	動詞	11	3.47	0.0041	0.0675	6.99	2670	163	を:8 が:2 も:1
イキ	息	フキカエス	吹き返す	動詞	11	3.47	0.0110	0.7857	8.47	1001	14	を:11
カラダ	体	キル	切る	動詞	11	3.47	0.0102	0.0058	6.93	1082	1884	を:10 が:1
カミ	髪	ミル	見る	動詞	11	3.47	0.0179	0.0006	4.28	616	17999	を:9 ∅:2
ココロ	心	ナクス	無くす	動詞	11	3.47	0.0046	0.0196	6.94	2369	560	を:10 から:1
テ	手	コム	込む	動詞	11	3.47	0.0011	0.4400	5.15	10122	25	が:10 は:1
ミズ	水	ミツケル	見付ける	動詞	11	3.47	0.0075	0.0016	5.46	1461	6717	を:11
ハラ	腹	スク	空く	動詞	11	3.47	0.0135	0.0334	8.30	814	329	を:5 が:2 ∅:2 は:2
ミズ	水	ツカウ	使う	動詞	11	3.47	0.0075	0.0018	5.54	1461	6269	を:5 が:3 は:2 も:1
ココロ	心	コワレル	壊れる	動詞	11	3.47	0.0046	0.0212	6.96	2369	519	が:10 は:1
カミ	髪	キイロイ	黄色い	形容詞	11	3.47	0.0179	0.0821	8.91	616	134	ADJ:11
チ	血	サワグ	騒ぐ	動詞	11	3.47	0.0070	0.1358	7.77	1570	81	が:11
ハ	歯	ヘシオル	へし折る	動詞	11	3.47	0.0245	0.1746	9.46	449	63	を:11
メ	目	クリヌク	刳り抜く	動詞	11	3.47	0.0018	0.3929	5.87	6129	28	を:11
ツメ	爪	カム	噛む	動詞	11	3.47	0.0618	0.0336	9.48	178	327	を:11
ココロ	心	ヒク	引く	動詞	11	3.47	0.0046	0.0077	6.57	2369	1423	∅/サ変:6 を:5
ミズ	水	オチル	落ちる	動詞	11	3.47	0.0075	0.0064	6.83	1461	1718	に:10 で:1
ココロ	心	ヒロウ	拾う	動詞	11	3.47	0.0046	0.0399	7.09	2369	276	を:11
テ	手	ツナゲル	繋げる	動詞	11	3.47	0.0011	0.0815	5.14	10122	135	を:4 ∅:4 は:2 も:1
ココロ	心	ヤスマル	休まる	動詞	11	3.47	0.0046	0.3929	7.23	2369	28	が:6 ∅/サ変:3 も:2
ミチ	道	ミル	見る	動詞	11	3.47	0.0045	0.0006	4.14	2438	17999	を:9 で:2
サカナ	魚	ツル	吊る	動詞	11	3.47	0.0399	0.0759	9.74	276	145	を:6 が:2 は:1 に:1
ココロ	心	ノゾム	望む	動詞	11	3.47	0.0046	0.0069	6.51	2369	1589	から:8 が:2 に:1
ネコ	猫	スキ	好き	形状詞	11	3.47	0.0322	0.0030	6.49	342	3663	が:6 は:4 ∅:1
サル	猿	イル	居る	動詞	11	3.47	0.0643	0.0004	3.79	171	25937	が:6 は:3 ∅:1 も:1
シンタイ	身体	ワルイ	悪い	形容詞	11	3.47	0.0827	0.0016	5.65	133	7066	に:9 を:2
カオ	顔	オオウ	覆う	動詞	11	3.47	0.0037	0.0418	6.79	3003	263	を:11
ミミ	耳	ワルイ	悪い	形容詞	11	3.47	0.0106	0.0016	5.48	1034	7066	が:4 も:3 に:3 は:1
ミズ	水	オトス	落とす	動詞	11	3.47	0.0075	0.0110	7.19	1461	1004	に:9 を:2
カオ	顔	ヒロイ	広い	形容詞	11	3.47	0.0037	0.0314	6.75	3003	350	が:11
ヤマ	山	クル	来る	動詞	11	3.47	0.0237	0.0008	4.72	465	13209	から:6 に:4 まで:1
チ	血	アビル	浴びる	動詞	11	3.47	0.0070	0.0284	7.52	1570	388	を:11
ミチ	道	ハズス	外す	動詞	11	3.47	0.0045	0.0111	6.72	2438	989	を:10 は:1
イヌ	犬	カワイイ	可愛い	形容詞	11	3.47	0.0126	0.0085	7.38	871	1297	ADJ:9 まで:1 は:1
テ	手	ナル	成る	動詞	11	3.47	0.0011	0.0004	3.23	10122	28283	に:9 と:2
タイ	体	ナル	成る	動詞	11	3.47	0.0529	0.0004	3.66	208	28283	に:6 と:5
アシモト	足元	ヒザマズク	跪く	動詞	11	3.47	0.1279	0.1111	10.93	86	99	に:11
シンゾウ	心臓	ツブス	潰す	動詞	11	3.47	0.0217	0.0278	8.64	507	395	を:10 は:1
クビ	首	カキキル	掻き切る	動詞	11	3.47	0.0071	0.1467	7.78	1560	75	を:11
メ	目	クグリヌケル	潜り抜ける	動詞	11	3.47	0.0018	0.3143	5.87	6129	35	を:11
カオ	顔	オモイダス	思い出す	動詞	10	3.15	0.0033	0.0088	6.31	3003	1136	が:4 を:3 は:2 も:1
ムネ	胸	イタイ	痛い	形容詞	10	3.15	0.0230	0.0163	8.29	434	612	が:9 ∅:1
クチ	口	フウズル	封ずる	動詞	10	3.15	0.0051	0.2174	7.34	1970	46	を:10
アセ	汗	ナガス	流す	動詞	10	3.15	0.0685	0.0152	8.67	146	660	を:10
アシ	足	ダイジョウブ	大丈夫	形状詞	10	3.15	0.0076	0.0078	6.98	1320	1279	は:9 ∅:1
メ	目	イウ	言う	動詞	10	3.15	0.0016	0.0006	3.84	6129	16684	と:6 を:2 が:1 は:1
ウマ	馬	スル	為る	動詞	10	3.15	0.0149	0.0000	0.13	672	299560	は:5 ∅:2 に:2 も:1
ウマ	馬	オチル	落ちる	動詞	10	3.15	0.0149	0.0058	7.10	672	1718	から:10
カオ	顔	ヤメル	止める	動詞	10	3.15	0.0033	0.0041	5.91	3003	2429	は:9 ∅:1
ミミ	耳	ナイ	無い	形容詞	10	3.15	0.0097	0.0002	2.48	1034	57619	が:5 は:3 も:1 ∅:1
トリ	鳥	ミル	見る	動詞	10	3.15	0.0291	0.0006	4.16	344	17999	を:9 ∅:1
ツメ	爪	キル	切る	動詞	10	3.15	0.0562	0.0053	7.31	178	1884	を:10
アタマ	頭	トル	取る	動詞	10	3.15	0.0031	0.0012	4.83	3214	8305	から:5 を:5
ホネ	骨	クダク	砕く	動詞	10	3.15	0.0272	0.1266	9.52	367	79	を:8 ∅:2
ミチ	道	ミツカル	見付かる	動詞	10	3.15	0.0041	0.0060	6.32	2438	1663	が:8 は:1 で:1
イノチ	命	ハル	張る	動詞	10	3.15	0.0037	0.0284	6.76	2670	352	を:10
ウデ	腕	イタイ	痛い	形容詞	10	3.15	0.0109	0.0163	7.74	920	612	が:7 は:2 ∅:1
メ	目	ツブレル	潰れる	動詞	10	3.15	0.0016	0.0885	5.71	6129	113	を:6 が:4
ウデ	腕	ミガク	磨く	動詞	10	3.15	0.0109	0.0599	8.24	920	167	を:9 ∅:1
ミズ	水	アガル	上がる	動詞	10	3.15	0.0068	0.0109	7.10	1461	921	から:9 が:1
キ	気	マンマン	満々	形状詞	10	3.15	0.0007	0.2326	4.42	15230	43	∅:10
アシ	脚	オル	折る	動詞	10	3.15	0.0476	0.0353	9.38	210	283	を:10
カオ	顔	ミニクイ	醜い	形容詞	10	3.15	0.0033	0.0559	6.69	3003	179	ADJ:9 は:1
ハ	歯	モツ	持つ	動詞	10	3.15	0.0223	0.0007	4.56	449	13419	を:10
イノチ	命	トウトイ	尊い	形容詞	10	3.15	0.0037	0.1493	6.90	2670	67	ADJ:6 が:3 は:1
カラダ	体	ツカウ	使う	動詞	10	3.15	0.0092	0.0016	5.48	1082	6269	を:9 は:1
キ	気	サワル	触る	動詞	10	3.15	0.0007	0.0233	4.39	15230	430	に:10
イキ	息	フキカケル	吹き掛ける	動詞	10	3.15	0.0100	0.5556	8.33	1001	18	を:10
チ	血	ハク	吐く	動詞	10	3.15	0.0064	0.0230	7.35	1570	434	を:7 も:2 ∅:1
カミ	髪	トク	解く	動詞	10	3.15	0.0162	0.0221	8.26	616	453	を:10
メ	目	ソックリ	そっくり	形状詞	10	3.15	0.0016	0.0585	5.70	6129	171	が:3 に:3 は:2 と:2
メ	目	キレイ	奇麗	形状詞	10	3.15	0.0016	0.0176	5.61	6129	568	は:6 が:3 も:1
ネ	根	オロス	下ろす	動詞	10	3.15	0.0990	0.0094	8.13	101	1068	を:10
テ	手	ハヤイ	早い	形容詞	10	3.15	0.0010	0.0059	4.79	10122	1699	が:4 は:4 ∅:2
ハダ	肌	フレル	触れる	動詞	10	3.15	0.0725	0.0186	8.92	138	537	に:9 を:1
ドロ	泥	ツク	付く	動詞	10	3.15	0.0855	0.0026	6.37	117	3853	が:9 も:1
ミ	身	ツツム	包む	動詞	10	3.15	0.0079	0.0379	7.75	1260	264	を:10
ココロ	心	シル	知る	動詞	10	3.15	0.0042	0.0007	4.37	2369	13505	を:8 が:1 は:1
ミチ	道	ユズル	譲る	動詞	10	3.15	0.0041	0.0917	7.01	2438	109	を:10
チ	血	カヨウ	通う	動詞	10	3.15	0.0064	0.0386	7.49	1570	259	が:10
ウマ	馬	カウ	買う	動詞	10	3.15	0.0149	0.0040	6.68	672	2517	を:10
カタ	肩	ウツ	打つ	動詞	10	3.15	0.0465	0.0033	6.68	215	2986	を:9 ∅:1
テ	手	アワセル	合わせる	動詞	10	3.15	0.0010	0.0138	4.92	10122	723	を:8 に:2
テ	手	ツクル	作る	動詞	10	3.15	0.0010	0.0019	4.40	10122	5347	で:10
テ	手	ワタス	渡す	動詞	10	3.15	0.0010	0.0051	4.76	10122	1972	に:10
アシ	足	イレル	入れる	動詞	10	3.15	0.0076	0.0016	5.45	1320	6156	を:9 に:1
アタマ	頭	ツキコム	突き込む	動詞	10	3.15	0.0031	0.0329	6.54	3214	304	を:5 ∅:4 に:1
コシ	腰	フル	振る	動詞	10	3.15	0.0671	0.0278	9.33	149	360	を:7 ∅:3
アシ	足	オサエル	押さえる	動詞	10	3.15	0.0076	0.0169	7.42	1320	590	を:9 も:1
ミズ	水	イル	居る	動詞	10	3.15	0.0068	0.0004	3.58	1461	25937	が:6 は:2 に:1 ∅:1
ミチ	道	クダル	下る	動詞	10	3.15	0.0041	0.0510	6.96	2438	196	を:10
テ	手	ツキコム	突き込む	動詞	10	3.15	0.0010	0.0329	4.97	10122	304	を:10
カラダ	体	ハイル	入る	動詞	10	3.15	0.0092	0.0011	5.06	1082	8741	に:9 が:1
ハナ	鼻	ワラウ	笑う	動詞	10	3.15	0.0249	0.0292	8.78	402	343	で:10
チ	血	アタラシイ	新しい	形容詞	10	3.15	0.0064	0.0019	5.60	1570	5178	ADJ:6 が:3 は:1
ミズ	水	タマル	溜まる	動詞	10	3.15	0.0068	0.1163	7.73	1461	86	が:10
テ	手	ヒロゲル	広げる	動詞	10	3.15	0.0010	0.0356	4.98	10122	281	を:10
ミズ	水	トメル	止める	動詞	10	3.15	0.0068	0.0037	6.31	1461	2683	を:10
アシ	足	トル	取る	動詞	10	3.15	0.0076	0.0012	5.09	1320	8305	を:10
テ	手	ヨゴレル	汚れる	動詞	10	3.15	0.0010	0.0893	5.00	10122	112	が:7 は:3
コエ	声	ナル	成る	動詞	10	3.15	0.0060	0.0004	3.45	1656	28283	に:6 と:4
ニク	肉	ウマイ	旨い	形容詞	10	3.15	0.0292	0.0060	7.34	342	1674	ADJ:7 は:3
メ	目	スキ	好き	形状詞	10	3.15	0.0016	0.0027	5.06	6129	3663	が:10
イヌ	犬	カム	噛む	動詞	10	3.15	0.0115	0.0306	8.10	871	327	に:5 は:3 が:2
ハラ	腹	ウツ	打つ	動詞	10	3.15	0.0123	0.0033	6.43	814	2986	を:8 に:2
ウデ	腕	タツ	立つ	動詞	10	3.15	0.0109	0.0041	6.61	920	2444	が:9 は:1
ネコ	猫	ツレル	連れる	動詞	10	3.15	0.0292	0.0032	6.54	342	3168	を:8 は:1 も:1
トリ	鳥	ミタイ	みたい	形状詞	10	3.15	0.0291	0.0019	5.87	344	5251	∅:10
カオ	顔	カエル	変える	動詞	10	3.15	0.0033	0.0037	5.84	3003	2709	を:10
アシ	足	ナガイ	長い	形容詞	10	3.15	0.0076	0.0039	6.41	1320	2540	ADJ:7 が:2 に:1
シタ	舌	ヌク	抜く	動詞	10	3.15	0.0485	0.0192	8.82	206	520	を:9 が:1
ココロ	心	ヒキサク	引き裂く	動詞	10	3.15	0.0042	0.0769	7.03	2369	130	を:8 が:1 は:1
トリ	鳥	イル	居る	動詞	10	3.15	0.0291	0.0004	3.64	344	25937	が:7 は:3
カオ	顔	アタル	当たる	動詞	10	3.15	0.0033	0.0137	6.46	3003	728	に:10
クビ	首	ナガイ	長い	形容詞	10	3.15	0.0064	0.0039	6.32	1560	2540	を:10
アシ	足	ドケル	退ける	動詞	10	3.15	0.0076	0.0820	7.83	1320	122	を:9 ∅:1
シンゾウ	心臓	スル	為る	動詞	10	3.15	0.0197	0.0000	0.13	507	299560	が:9 ∅:1
ホネ	骨	ウメル	埋める	動詞	10	3.15	0.0272	0.0243	8.72	367	411	を:8 ∅:1 で:1
メ	目	マワス	回す	動詞	10	3.15	0.0016	0.0202	5.63	6129	496	を:10
キ	気	トガメル	咎める	動詞	10	3.15	0.0007	0.3571	4.42	15230	28	が:10
キ	気	ハヤイ	早い	形容詞	10	3.15	0.0007	0.0059	4.27	15230	1699	が:10
ハラ	腹	キメル	決める	動詞	10	3.15	0.0123	0.0090	7.41	814	1107	を:7 ∅:3
タマシイ	魂	キヨメル	清める	動詞	10	3.15	0.0173	0.2500	9.05	579	40	を:8 は:2
ミズ	水	サガス	探す	動詞	10	3.15	0.0068	0.0021	5.72	1461	4773	を:8 も:2
コエ	声	ナイ	無い	形容詞	10	3.15	0.0060	0.0002	2.47	1656	57619	ADJ:4 が:3 も:2 は:1
ミチ	道	ミチビク	導く	動詞	10	3.15	0.0041	0.0216	6.82	2438	464	に:7 へ:3
ココロ	心	イウ	言う	動詞	10	3.15	0.0042	0.0006	4.10	2369	16684	から:5 と:3 が:2
ドロ	泥	マミレル	塗れる	動詞	10	3.15	0.0855	0.1562	10.82	117	64	に:10
シンゾウ	心臓	トル	取る	動詞	10	3.15	0.0197	0.0012	5.22	507	8305	を:8 も:2
イノチ	命	アタラシイ	新しい	形容詞	10	3.15	0.0037	0.0019	5.38	2670	5178	ADJ:10
ハ	歯	オレル	折れる	動詞	10	3.15	0.0223	0.0505	8.98	449	198	が:9 は:1
ココロ	心	エガク	描く	動詞	10	3.15	0.0042	0.0211	6.85	2369	473	に:9 を:1
ヒ	火	デル	出る	動詞	10	3.15	0.0101	0.0011	5.02	991	9088	が:10
ニク	肉	アル	有る	動詞	10	3.15	0.0292	0.0002	2.40	342	61681	が:7 も:2 ∅:1
カミ	髪	ヌケル	抜ける	動詞	10	3.15	0.0162	0.0183	8.14	616	545	が:8 は:1 も:1
ウデ	腕	ヤル	遣る	動詞	10	3.15	0.0109	0.0010	4.84	920	10519	を:5 で:3 ∅:2
ユビ	指	ツカウ	使う	動詞	10	3.15	0.0225	0.0016	5.61	444	6269	を:8 は:2
ユビ	指	クム	組む	動詞	10	3.15	0.0225	0.0209	8.47	444	478	を:10
ウデ	腕	ニブル	鈍る	動詞	10	3.15	0.0109	0.1667	8.39	920	60	が:6 も:3 は:1
クビ	首	フル	振る	動詞	10	3.15	0.0064	0.0278	7.42	1560	360	を:8 ∅:2
ホネ	骨	モロイ	脆い	形容詞	10	3.15	0.0272	0.1613	9.58	367	62	が:7 は:2 を:1
ウデ	腕	オレル	折れる	動詞	10	3.15	0.0109	0.0505	8.20	920	198	が:10
ムネ	胸	キク	聞く	動詞	10	3.15	0.0230	0.0010	4.93	434	10329	に:10
ミチ	道	イル	居る	動詞	10	3.15	0.0041	0.0004	3.53	2438	25937	に:10
キ	気	ユルメル	緩める	動詞	10	3.15	0.0007	0.1429	4.42	15230	70	を:10
トリ	鳥	カワイイ	可愛い	形容詞	10	3.15	0.0291	0.0077	7.64	344	1297	ADJ:8 ∅:1 が:1
トリ	鳥	アオイ	青い	形容詞	10	3.15	0.0291	0.0218	8.67	344	458	ADJ:10
メ	目	ウツクシイ	美しい	形容詞	10	3.15	0.0016	0.0079	5.47	6129	1258	ADJ:7 は:2 も:1
