id	category	romaji	english	count	judged_commonness
te-ni-ireru	fortune	te ni ireru	get hold of, obtain	2538	4
ii-kagen-ni-shite	mood	ii kagen ni shite	knock it off, that's enough	706	5
te-o-kasu	relations	te o kasu	help out, give someone a hand	640	4
te-o-dasu	relations	te o dasu	hit, lay a finger on; get into (drugs, stocks); make a move on (someone)	610	4
te-ni-hairu	fortune	te ni hairu	be obtainable, come into one's hands	572	4
iu-koto-o-kiku	relations	iu koto o kiku	do as you're told, obey	498	5
kari-ga-aru	relations	kari ga aru	owe someone a favour	481	4
chikara-ni-naru	relations	chikara ni naru	be there for someone, help	422	4
kanben-shite	mood	kanben shite	give me a break, spare me	380	4
joudan-ja-nai	mood	joudan ja nai	no way, you've got to be kidding	361	4
kokoroatari-ga-aru	attention	kokoroatari ga aru	have an idea who, why or where	357	3
aite-ni-suru	relations	aite ni suru	deal with, take on (an opponent); (negative) ignore, not bother with	352	4
hidoi-me-ni-au	fortune	hidoi me ni au	have an awful time	338	5
hara-ga-tatsu	mood	hara ga tatsu	get angry, be annoyed	294	5
me-o-hanasu	attention	me o hanasu	take your eyes off (someone)	284	4
ki-ga-kawaru	mood	ki ga kawaru	change your mind	282	4
dou-ka-shiteru	attention	dou ka shiteru	be out of one's mind, not be oneself	278	4
kubi-ni-suru	fortune	kubi ni suru	fire someone	270	4
kentou-mo-tsukanai	attention	kentou mo tsukanai	have no idea at all	251	4
mi-ni-tsukeru	effort	mi ni tsukeru	pick up (a skill or habit); wear	243	4
kimi-ga-warui	mood	kimi ga warui	creepy, gives you the creeps	238	4
kubi-ni-naru	fortune	kubi ni naru	get fired, lose one's job	226	5
atama-ga-okashii	character	atama ga okashii	crazy, out of one's mind	217	4
te-ni-oenai	effort	te ni oenai	more than one can handle, out of control	212	3
yama-hodo-aru	effort	yama hodo aru	there's tons of it	208	5
jikan-no-mondai	fortune	jikan no mondai	only a matter of time	207	3
isshou-kenmei	effort	isshou kenmei	as hard as one can, with all one's might	199	5
me-o-toosu	attention	me o toosu	look over, read through	196	3
jikan-o-kasegu	effort	jikan o kasegu	stall for time	193	3
kuchi-o-dasu	relations	kuchi o dasu	butt in, meddle (with unasked-for opinions)	187	4
te-o-utsu	fortune	te o utsu	take action; settle for (a price or compromise)	177	3
atto-iu-ma	effort	atto iu ma	in no time, over in a flash	161	5
iu-made-mo-nai	talk	iu made mo nai	needless to say, it goes without saying; (X wa iu made mo naku) not to mention X	146	4
hame-ni-naru	fortune	hame ni naru	end up having to do something unpleasant	143	4
kuchi-o-kiku	relations	kuchi o kiku	speak to someone, be on speaking terms	142	4
wake-ga-wakaranai	attention	wake ga wakaranai	makes no sense at all, baffling	139	5
sono-ki-ni-naru	effort	sono ki ni naru	warm to the idea; get carried away, take it seriously	132	4
mimi-ni-suru	talk	mimi ni suru	hear (about), come across	131	3
ki-ga-sumu	mood	ki ga sumu	be satisfied, feel it's settled	127	4
ate-ni-suru	relations	ate ni suru	count on, rely on	120	4
jigou-jitoku	fortune	jigou jitoku	you brought it on yourself	117	4
nanisama-no-tsumori	relations	nanisama no tsumori	who do you think you are	110	3
me-o-tsuburu	attention	me o tsuburu	turn a blind eye, overlook	110	3
itai-me-ni-au	fortune	itai me ni au	get hurt; get burned (pay for a mistake)	110	3
mimi-o-kasu	talk	mimi o kasu	heed, give someone a hearing (mostly 'won't listen'); lean in so I can whisper	109	3
yokei-na-osewa	relations	yokei na osewa	none of your business	107	4
keri-o-tsukeru	fortune	keri o tsukeru	settle it, put an end to it	105	3
jibun-katte	character	jibun katte	selfish, only thinks of oneself	102	4
atama-kara-hanarenai	attention	atama kara hanarenai	can't stop thinking about it	102	4
kyori-o-oku	relations	kyori o oku	keep your distance, take time apart	100	3
ki-ga-susumanai	mood	ki ga susumanai	be reluctant, not keen	96	3
ki-o-waruku-suru	relations	ki o waruku suru	take offense, feel hurt	93	3
ude-ga-ii	character	ude ga ii	skilled at one's trade	91	3
atama-ni-kuru	mood	atama ni kuru	get mad, be furious	90	5
me-o-tsukeru	attention	me o tsukeru	have your eye on; single someone out	88	3
ki-ni-kuwanai	mood	ki ni kuwanai	don't like, rubs you the wrong way	84	3
kuchi-ni-dasu	talk	kuchi ni dasu	say out loud, put into words, mention	84	4
amaku-miru	attention	amaku miru	underestimate, take lightly	82	4
ki-ga-chiru	attention	ki ga chiru	get distracted, can't focus	81	3
choushi-ni-noru	fortune	choushi ni noru	get carried away, get cocky	81	5
kao-o-dasu	relations	kao o dasu	drop by, show up	80	4
suji-ga-tooru	attention	suji ga tooru	make sense, be fair and logical	80	3
yoku-iu-yo	talk	yoku iu yo	you've got some nerve, look who's talking	79	4
ki-o-kubaru	attention	ki o kubaru	be attentive; look out for others	79	3
kuchi-o-hasamu	talk	kuchi o hasamu	butt in, put in one's two cents (in talk or matters that aren't yours)	78	3
ki-no-sei	attention	ki no sei	just your imagination	77	4
ki-ga-kiku	character	ki ga kiku	thoughtful, attentive; (of a remark or gift) clever, apt	76	4
hanashi-ga-chigau	talk	hanashi ga chigau	that's not what we agreed; that's a different matter	76	4
ashidematoi-ni-naru	relations	ashidematoi ni naru	be a burden, slow others down	74	3
muri-mo-nai	attention	muri mo nai	no wonder, it's understandable	73	4
me-ni-tsuku	attention	me ni tsuku	catch the eye, stand out	72	3
hoka-ni-te-ga-nai	fortune	hoka ni te ga nai	there's no other way	72	3
ki-ga-au	relations	ki ga au	get along, click with someone	68	4
ki-ni-sawaru	relations	ki ni sawaru	offend, get on someone's nerves	68	3
oome-ni-miru	relations	oome ni miru	let it slide, go easy on someone	68	3
mizu-ni-nagasu	relations	mizu ni nagasu	forgive and forget	67	3
te-ga-hanasenai	effort	te ga hanasenai	be tied up, can't step away now	66	4
te-ippai	effort	te ippai	have your hands full, at full capacity	62	4
kubi-o-tsukkomu	relations	kubi o tsukkomu	poke your nose in, get mixed up in	61	4
nakatta-koto-ni-suru	relations	nakatta koto ni suru	pretend it never happened	61	4
hanashi-ni-naranai	talk	hanashi ni naranai	hopeless, not even worth discussing	61	4
atama-o-hiyasu	mood	atama o hiyasu	cool off, calm down	60	3
kugizuke-ni-naru	attention	kugizuke ni naru	be glued to (a screen, a sight)	60	3
ki-ga-raku	mood	ki ga raku	feel relieved, at ease	58	4
kuchi-dake	character	kuchi dake	all talk, no action	58	4
hone-ga-oreru	effort	hone ga oreru	be hard work, take a lot of effort	58	4
atama-ni-ukabu	attention	atama ni ukabu	come to mind	57	3
pin-to-kuru	attention	pin to kuru	it clicks, it rings a bell	57	4
ura-ga-aru	attention	ura ga aru	there's a catch, a hidden motive	57	4
ki-o-nuku	effort	ki o nuku	let your guard down, ease off	56	3
mizu-no-awa	fortune	mizu no awa	all for nothing, wasted	56	4
nani-ga-nan-demo	effort	nani ga nandemo	no matter what, at all costs	55	4
tsujitsuma-ga-awanai	attention	tsujitsuma ga awanai	it doesn't add up	54	3
hito-ga-ii	character	hito ga ii	good-natured and trusting (often too much so)	53	4
ma-ni-ukeru	attention	ma ni ukeru	take it at face value, take it seriously	53	4
omou-tsubo	fortune	omou tsubo	exactly what they want	53	3
koko-dake-no-hanashi	talk	koko dake no hanashi	between you and me	52	4
kimae-ga-ii	character	kimae ga ii	generous (with money or treats)	51	3
hitoiki-tsuku	effort	hitoiki tsuku	take a breather, have a short break	51	4
ashi-o-arau	fortune	ashi o arau	go straight, quit a shady life	50	3
nureginu-o-kiseru	fortune	nureginu o kiseru	falsely accuse, pin it on someone	50	3
yori-o-modosu	relations	yori o modosu	get back together (with an ex)	47	3
chuuto-hanpa	effort	chuuto hanpa	half-done, half-hearted	47	5
kiri-ga-nai	effort	kiri ga nai	there's no end to it	47	3
te-ga-kakaru	effort	te ga kakaru	need a lot of looking after	47	3
muki-ni-naru	mood	muki ni naru	get worked up, take it too seriously	46	4
men-to-mukatte	talk	men to mukatte	to someone's face	46	3
torikaeshi-ga-tsukanai	fortune	torikaeshi ga tsukanai	can't be undone, irreversible	46	3
hanashi-wa-betsu	talk	hanashi wa betsu	that's a different story	45	4
sore-dokoro-ja-nai	effort	sore dokoro ja nai	no time for that; far from it	45	4
te-ga-komu	effort	te ga konde iru	be elaborate, made with real care	44	3
ashi-o-hipparu	relations	ashi o hipparu	hold others back, let the team down; (deliberately) drag someone down	43	5
kenka-o-uru	relations	kenka o uru	pick a fight, provoke	42	3
ichiri-aru	attention	ichiri aru	have a point	42	4
ichi-ka-bachi-ka	fortune	ichi ka bachi ka	take the gamble, all or nothing	42	3
tsuke-ga-mawatte-kuru	fortune	tsuke ga mawatte kuru	past neglect or excess catches up with you	42	3
tachi-ga-warui	character	tachi ga warui	nasty, vicious, hard to deal with	41	3
ni-mo-hodo-ga-aru	mood	ni mo hodo ga aru	(X) is going way too far	40	4
kuchi-ga-katai	character	kuchi ga katai	can keep a secret, discreet	40	4
aka-no-tanin	relations	aka no tanin	a complete stranger	40	3
kiai-o-ireru	effort	kiai o ireru	get fired up; put real effort into	40	3
ki-ga-magireru	mood	ki ga magireru	be distracted from worries	39	3
hito-ga-warui	character	hito ga warui	sly, mean (in a teasing way)	39	3
katto-naru	mood	katto naru	snap, lose one's temper	38	4
hame-o-hazusu	fortune	hame o hazusu	let loose, go overboard	37	3
shou-ni-au	character	shou ni au	suit one's nature, be one's thing	36	3
tantou-chokunyuu	talk	tantou chokunyuu	straight to the point	35	3
kotchi-no-serifu	talk	kotchi no serifu	that's my line; I should be the one saying that	35	4
goma-o-suru	relations	goma o suru	suck up to, flatter	33	3
asameshi-mae	effort	asameshi mae	easy, no trouble at all	33	4
ikken-rakuchaku	fortune	ikken rakuchaku	case closed, that's sorted	33	3
yama-o-kosu	fortune	yama o koeru	get past the worst	33	3
kuchi-ga-warui	character	kuchi ga warui	sharp-tongued, blunt to the point of rude	32	4
te-o-nuku	effort	te o nuku	slack off, cut corners	32	4
ha-ga-tatanai	effort	ha ga tatanai	be no match for, can't crack it	32	3
ni-ga-omoi	effort	ni ga omoi	be too big a responsibility	32	3
ki-ga-noranai	mood	ki ga noranai	not in the mood	31	3
kigen-o-toru	relations	kigen o toru	humour someone, keep them happy	31	3
uwasa-o-sureba	talk	uwasa o sureba	speak of the devil	31	4
me-ga-nai	attention	me ga nai	be crazy about, can't resist	31	4
yume-ni-mo-omowanai	attention	yume ni mo omowanakatta	never imagined, never dreamed	31	3
ma-ga-warui	fortune	ma ga warui	bad timing, an awkward moment	31	3
miru-me-ga-nai	character	miru me ga nai	be a poor judge (of people or things)	30	4
kuchi-ga-suberu	talk	kuchi ga suberu	let something slip	30	4
mite-minu-furi	attention	mite minu furi o suru	pretend not to see, look the other way	30	3
ki-ga-muku	mood	ki ga muku	feel like doing it	29	3
kao-ni-deru	mood	kao ni deru	your feelings show on your face	27	4
ki-ga-aru	relations	ki ga aru	be into someone, fancy someone	27	4
fu-ni-ochinai	attention	fu ni ochinai	can't quite accept it, doesn't sit right	27	3
nita-mono-doushi	character	nita mono doushi	alike in character (two people)	26	3
wari-ni-awanai	fortune	wari ni awanai	not worth it, doesn't pay	26	3
ki-ga-meiru	mood	ki ga meiru	feel down, find it depressing	25	3
iji-o-haru	character	iji o haru	be stubborn out of pride	25	3
nen-o-osu	talk	nen o osu	make sure by telling someone again, stress, remind firmly	25	3
ki-ga-tsuyoi	character	ki ga tsuyoi	strong-willed, feisty	24	3
hara-ga-kuroi	character	haraguroi	scheming behind a nice face	24	3
dame-moto	fortune	damemoto	nothing to lose by trying	24	4
ki-o-otosu	mood	ki o otosu	lose heart, be discouraged	23	3
kyoumi-shinshin	attention	kyoumi shinshin	dying to know, intensely curious	23	3
shinzou-ni-warui	mood	shinzou ni warui	gave me a scare, too nerve-racking	22	3
ne-ni-motsu	relations	ne ni motsu	hold a grudge	22	3
kiki-ippatsu	fortune	kiki ippatsu	a very close call	22	2
shinu-ki-de	effort	shinu ki de	all-out, as if your life depended on it	21	4
yareba-dekiru	effort	yareba dekiru	you can do it if you try	21	4
ki-ga-hikeru	mood	ki ga hikeru	feel bad about doing it	20	3
hana-ga-takai	mood	hana ga takai	be proud (of someone)	20	3
seken-wa-semai	relations	seken wa semai	it's a small world	20	3
isseki-nichou	fortune	isseki nichou	two benefits from one action	20	4
naru-you-ni-naru	fortune	naru you ni naru	things will work out somehow	20	3
kuuki-o-yomu	relations	kuuki o yomu	read the mood, pick up on the vibe	19	4
bachi-ga-ataru	fortune	bachi ga ataru	be punished by heaven, get bad karma	19	3
ii-toshi-shite	character	ii toshi shite	at your age (you should know better)	18	4
kata-o-motsu	relations	kata o motsu	take someone's side	18	4
futamata-o-kakeru	relations	futamata o kakeru	two-time, date two people at once	18	3
iwan-kotcha-nai	talk	iwan kotcha nai	I told you so	18	4
atama-no-kaiten-ga-hayai	character	atama no kaiten ga hayai	quick-witted, a fast thinker	17	3
hanashi-ga-hayai	talk	hanashi ga hayai	that makes it easy, that saves explaining	17	4
shiri-ni-hi-ga-tsuku	effort	shiri ni hi ga tsuku	finally feel the pressure of a deadline	17	4
yakimochi-o-yaku	mood	yakimochi o yaku	be jealous (over someone's affection)	16	3
uri-futatsu	character	uri futatsu	look exactly alike	16	3
okotoba-ni-amaete	relations	okotoba ni amaete	I'll gladly take you up on that	16	4
kugi-o-sasu	talk	kugi o sasu	warn someone firmly in advance	16	3
te-ga-mawaranai	effort	te ga mawaranai	can't get around to it	16	3
kuse-ni-naru	attention	kuse ni naru	be addictive, hard to stop	15	3
fukouchuu-no-saiwai	fortune	fukouchuu no saiwai	the one lucky part of a bad situation	15	3
kata-no-chikara-o-nuku	mood	kata no chikara o nuku	relax, stop trying so hard	14	4
senaka-o-osu	relations	senaka o osu	encourage someone to go for it	14	4
makka-na-uso	talk	makka na uso	a complete lie	14	3
ii-sen-itteru	attention	ii sen itteru	close, on the right track	14	3
yuujuu-fudan	character	yuujuu fudan	indecisive, can't make up one's mind	13	3
me-ga-mawaru	effort	me ga mawaru	be dizzy; be crazy busy	13	3
ki-ga-mijikai	character	ki ga mijikai	short-tempered, impatient	12	2
atama-ga-katai	character	atama ga katai	rigid, inflexible in one's thinking	12	3
yowane-o-haku	effort	yowane o haku	say you can't take it, talk of giving up	12	3
me-ni-mieteru	attention	me ni mieteru	it's obvious what will happen	12	4
kata-no-ni-ga-oriru	mood	kata no ni ga oriru	feel relieved of a burden	11	4
gutto-kuru	mood	gutto kuru	be moved, it really gets you	11	4
ue-kara-mesen	character	ue kara mesen	condescending, talking down	11	4
neko-o-kaburu	character	neko o kaburu	put on a sweet, innocent act	11	3
kao-ga-hiroi	relations	kao ga hiroi	know lots of people	11	3
shiri-ni-shikareru	relations	shiri ni shikareru	be bossed around by your wife	9	4
ato-no-matsuri	fortune	ato no matsuri	too late to do anything	9	3
ki-ga-omoi	mood	ki ga omoi	dread it, not look forward to it	8	3
mikake-ni-yoranai	character	mikake ni yoranai	not what you'd guess from looks	8	4
akirame-ga-warui	character	akirame ga warui	won't give up, can't let go	8	4
kokoro-ga-oreru	effort	kokoro ga oreru	lose the will to keep going	8	3
mimi-ga-itai	mood	mimi ga itai	it stings to hear (because it's true)	7	4
youryou-ga-ii	character	youryou ga ii	savvy, gets things done the smart way	7	3
kuchi-ga-karui	character	kuchi ga karui	can't keep a secret	7	4
tana-ni-ageru	talk	tana ni ageru	ignore one's own faults while criticising others	7	3
toudai-moto-kurashi	attention	toudai moto kurashi	you overlook what's right next to you	7	3
kao-ni-kaite-aru	attention	kao ni kaite aru	it's written all over your face	7	3
share-ni-naranai	fortune	share ni naranai	it's no joke, it's seriously bad	7	4
atama-ga-masshiro-ni-naru	mood	atama ga masshiro ni naru	your mind goes blank	6	4
mune-ga-ippai	mood	mune ga ippai	overwhelmed with emotion	6	2
ki-ga-yowai	character	ki ga yowai	timid, faint-hearted	6	3
uso-mo-houben	talk	uso mo houben	a white lie is sometimes needed	6	3
kiri-ga-ii	effort	kiri ga ii	at a good stopping point; a nice round number	6	4
kabe-ni-butsukaru	effort	kabe ni butsukaru	hit a wall, stop making progress	6	3
neko-no-te-mo-karitai	effort	neko no te mo karitai	be desperately busy	6	2
nori-ga-ii	character	nori ga ii	game for anything, fun to be around	5	4
ne-wa-ii	character	ne wa ii	good at heart (despite appearances)	5	3
mimi-ni-tako-ga-dekiru	talk	mimi ni tako ga dekiru	heard it a million times	5	3
sono-toki-wa-sono-toki	fortune	sono toki wa sono toki	we'll deal with it if it happens	5	4
hayai-mono-gachi	fortune	hayai mono gachi	whoever gets there first wins	5	3
kachin-to-kuru	mood	kachin to kuru	be irritated (by a remark)	4	4
mendoumi-ga-ii	character	mendoumi ga ii	caring, good at looking after people	4	4
oku-ga-fukai	attention	oku ga fukai	has real depth, more to learn	4	4
baka-ni-naranai	fortune	baka ni naranai	(costs) really add up	4	4
ishin-denshin	relations	ishin denshin	understanding each other without words	3	3
hito-no-koto-ienai	talk	hito no koto ienai	I'm not one to talk, I'm no better myself	3	4
hanashi-o-moru	talk	hanashi o moru	exaggerate a story	3	3
kuchi-o-suppaku-shite-iu	talk	kuchi o suppaku shite iu	tell someone over and over	3	3
me-kara-uroko	attention	me kara uroko	a revelation that changes your view	3	3
atama-ga-mawaranai	attention	atama ga mawaranai	can't think straight	3	4
tanabota	fortune	tanabota	an unexpected windfall	3	3
oburaato-ni-tsutsumu	talk	oburaato ni tsutsumu	say something harsh gently	2	3
mi-mo-futa-mo-nai	talk	mi mo futa mo nai	brutally blunt, put so baldly there's nothing left to say	2	3
chiri-mo-tsumoreba-yama-to-naru	effort	chiri mo tsumoreba yama to naru	small amounts add up	2	3
moto-o-toru	fortune	moto o toru	recoup what you paid	2	3
mikka-bouzu	character	mikka bouzu	someone who gives up after a few days	1	3
hitokoto-ooi	talk	hitokoto ooi	always says one thing too many	1	3
guu-no-ne-mo-denai	talk	guu no ne mo denai	have no comeback at all	1	3
haadoru-ga-takai	effort	haadoru ga takai	daunting, too much to take on	1	4
ana-ga-attara-hairitai	mood	ana ga attara hairitai	so embarrassed I want to disappear	0	3
koshi-ga-hikui	character	koshi ga hikui	humble and polite in manner	0	3
oshi-ni-yowai	character	oshi ni yowai	caves in when pushed	0	3
juunin-toiro	character	juunin toiro	everyone's different (tastes, opinions)	0	2
saba-o-yomu	talk	saba o yomu	fudge numbers (esp. one's age)	0	3
aa-ieba-kou-iu	talk	aa ieba kou iu	always has a comeback	0	3
saru-mo-ki-kara-ochiru	fortune	saru mo ki kara ochiru	even experts make mistakes	0	3
nido-aru-koto-wa-sando-aru	fortune	nido aru koto wa sando aru	if it happened twice, it'll happen again	0	3
